RadID;"Lokalitet	";"PrøveID	";KontekstID;Kontekst-beskrivelse;"Lab.-nr.	";14C-BP.;Kalibrert alder (2 sigma);Delta 13C;Øst_UTM32_ETRS89;Nord_UTM32_ETRS89;
127;"Anders Madsens gate	";"1224	";L24411;Dyrkingslag;"Beta-418506	";"930 ± 30	";"1032 – 1203 evt.	";"-26.2	";580157;6570890;Halvorsen, Sunniva Wilberg (2019). Arkeologisk utgravning i Anders Madsens gate 1, Tønsberg. NIKU Oppdragsrapport 1/2016. Norsk institutt for kulturminneforskning (NIKU).
128;"Anders Madsens gate	";"PA24440	";L4748/ST4749;Gjerde;"UBA-31480	";"1071 ± 49	";"774 – 1121 evt.	";"	";580156;6570902;Halvorsen, Sunniva Wilberg (2019). Arkeologisk utgravning i Anders Madsens gate 1, Tønsberg. NIKU Oppdragsrapport 1/2016. Norsk institutt for kulturminneforskning (NIKU).
129;"Anders Madsens gate	";"PA4754	";L10946;Staur;"UBA-31471	";"974 ± 31	";"998 – 1159 evt.	";"	";580147;6570879;Halvorsen, Sunniva Wilberg (2019). Arkeologisk utgravning i Anders Madsens gate 1, Tønsberg. NIKU Oppdragsrapport 1/2016. Norsk institutt for kulturminneforskning (NIKU).
130;"Anders Madsens gate	";"PK10970	";L14919;Trebrolegging;"UBA-31472	";"740 ± 26	";"1228 – 1297 evt.	";"	";580135;6570869;Halvorsen, Sunniva Wilberg (2019). Arkeologisk utgravning i Anders Madsens gate 1, Tønsberg. NIKU Oppdragsrapport 1/2016. Norsk institutt for kulturminneforskning (NIKU).
131;"Anders Madsens gate	";"PK14960	";L15621;Trebrolegging;"UBA-31473	";"905 ± 44	";"1035 – 1220 evt.	";"	";580140;6570865;Halvorsen, Sunniva Wilberg (2019). Arkeologisk utgravning i Anders Madsens gate 1, Tønsberg. NIKU Oppdragsrapport 1/2016. Norsk institutt for kulturminneforskning (NIKU).
132;"Anders Madsens gate	";"PK15648	";L18055;Trebrolegging;"UBA-31474	";"924 ± 39	";"1033 – 1211 evt.	";"	";580135;6570869;Halvorsen, Sunniva Wilberg (2019). Arkeologisk utgravning i Anders Madsens gate 1, Tønsberg. NIKU Oppdragsrapport 1/2016. Norsk institutt for kulturminneforskning (NIKU).
133;"Anders Madsens gate	";"PK18102	";L20428;Ildsted;"UBA-31475	";"940 ± 43	";"1025 – 1210 evt.	";"	";580141;6570883;Halvorsen, Sunniva Wilberg (2019). Arkeologisk utgravning i Anders Madsens gate 1, Tønsberg. NIKU Oppdragsrapport 1/2016. Norsk institutt for kulturminneforskning (NIKU).
134;"Anders Madsens gate	";"PV20459	";L4;Bygning;"UBA-31477	";"883 ± 28	";"1045 – 1225 evt.	";"	";580139;6570886;Halvorsen, Sunniva Wilberg og Lars Haugesten (2019). Arkeologisk utgravning i Anders Madsens gate 1, Tønsberg. NIKU Oppdragsrapport 1/2016. Norsk institutt for kulturminneforskning (NIKU).
226;"Anders Madsens gate	";"	";L1223;Trebrolegging;"FTMC-BE28-1	";"992 ± 30	";"993 – 1155 evt.	";"	";580043;6570775;Haugesten, Lars (2023). Forenklet rapport Anders Madsens gate vannlekkasje hastesak. Norsk institutt for kulturminneforskning (NIKU).
176;"Anders Madsens gate 3	";"PA1645	";SL1588;Brannlag;"Beta-484354	";"760 ± 30	";"1222 – 1285 evt.	";"-26.1	";580127;6570848;Haugesten, Lars og Gorm Seljeset (2021). Anders Madsens gate 3, Tonsberg. Arkeologisk utgravning i forbindelse med nedkjørsel til ny parkeringskjeller. NIKU 113/2018. Norsk institutt for kulturminneforskning (NIKU).
177;"Anders Madsens gate 3	";"PA400234	";SL7521;Kokegrop;"Beta-484368	";"2200 ± 30	";"368 – 173 fvt.	";"-26.4	";580142;6570862;Haugesten, Lars og Gorm Seljeset (2021). Anders Madsens gate 3, Tonsberg. Arkeologisk utgravning i forbindelse med nedkjørsel til ny parkeringskjeller. NIKU 113/2018. Norsk institutt for kulturminneforskning (NIKU).
178;"Anders Madsens gate 3	";"PA400236	";SL7761;Kokegrop;"Beta-484370	";"2160 ± 30	";"356 – 57 fvt.	";"-25.5	";580137;6570860;Haugesten, Lars og Gorm Seljeset (2021). Anders Madsens gate 3, Tonsberg. Arkeologisk utgravning i forbindelse med nedkjørsel til ny parkeringskjeller. NIKU 113/2018. Norsk institutt for kulturminneforskning (NIKU).
179;"Anders Madsens gate 3	";"PA7595	";SL6027;Dyrkingslag;"Beta-484364	";"1110 ± 30	";"882 – 1015 evt.	";"-25.4	";580138;6570864;Haugesten, Lars og Gorm Seljeset (2021). Anders Madsens gate 3, Tonsberg. Arkeologisk utgravning i forbindelse med nedkjørsel til ny parkeringskjeller. NIKU 113/2018. Norsk institutt for kulturminneforskning (NIKU).
180;"Anders Madsens gate 3	";"PA7622	";SL7597;Grøft;"Beta-484369	";"1070 ± 30	";"893 – 1026 evt.	";"-27.0	";580128;6570852;Haugesten, Lars og Gorm Seljeset (2021). Anders Madsens gate 3, Tonsberg. Arkeologisk utgravning i forbindelse med nedkjørsel til ny parkeringskjeller. NIKU 113/2018. Norsk institutt for kulturminneforskning (NIKU).
181;"Anders Madsens gate 3	";"PK1451	";ST1384;Gulv;"Beta-484353	";"790 ± 30	";"1215 – 1280 evt.	";"-26.0	";580138;6570863;Haugesten, Lars og Gorm Seljeset (2021). Anders Madsens gate 3, Tonsberg. Arkeologisk utgravning i forbindelse med nedkjørsel til ny parkeringskjeller. NIKU 113/2018. Norsk institutt for kulturminneforskning (NIKU).
182;"Anders Madsens gate 3	";"PK1988	";ST1772;Trebrolegging;"Beta-484355	";"820 ± 30	";"1175 – 1273 evt.	";"-23.3	";580126;6570848;Haugesten, Lars og Gorm Seljeset (2021). Anders Madsens gate 3, Tonsberg. Arkeologisk utgravning i forbindelse med nedkjørsel til ny parkeringskjeller. NIKU 113/2018. Norsk institutt for kulturminneforskning (NIKU).
183;"Anders Madsens gate 3	";"PK2535	";ST2535;Trebrolegging;"Beta-484356	";"800 ± 30	";"1180 – 1279 evt.	";"-25.3	";580129;6570847;Haugesten, Lars og Gorm Seljeset (2021). Anders Madsens gate 3, Tonsberg. Arkeologisk utgravning i forbindelse med nedkjørsel til ny parkeringskjeller. NIKU 113/2018. Norsk institutt for kulturminneforskning (NIKU).
184;"Anders Madsens gate 3	";"PK3350	";ST3328;Trebrolegging;"Beta-484357	";"860 ± 30	";"1052 – 1263 evt.	";"-24.9	";580140;6570861;Haugesten, Lars og Gorm Seljeset (2021). Anders Madsens gate 3, Tonsberg. Arkeologisk utgravning i forbindelse med nedkjørsel til ny parkeringskjeller. NIKU 113/2018. Norsk institutt for kulturminneforskning (NIKU).
185;"Anders Madsens gate 3	";"PK3478	";ST3464;Trebrolegging;"Beta-484358	";"940 ± 30	";"1028 – 1172 evt.	";"-25.0	";580135;6570856;Haugesten, Lars og Gorm Seljeset (2021). Anders Madsens gate 3, Tonsberg. Arkeologisk utgravning i forbindelse med nedkjørsel til ny parkeringskjeller. NIKU 113/2018. Norsk institutt for kulturminneforskning (NIKU).
186;"Anders Madsens gate 3	";"PK3727	";ST3670;Bygning;"Beta-484359	";"910 ± 30	";"1040 – 1214 evt.	";"-26.4	";580133;6570854;Haugesten, Lars og Gorm Seljeset (2021). Anders Madsens gate 3, Tonsberg. Arkeologisk utgravning i forbindelse med nedkjørsel til ny parkeringskjeller. NIKU 113/2018. Norsk institutt for kulturminneforskning (NIKU).
187;"Anders Madsens gate 3	";"PK4438	";ST4417;Trebrolegging;"Beta-484360	";"980 ± 30	";"995 – 1158 evt.	";"-25.8	";580139;6570861;Haugesten, Lars og Gorm Seljeset (2021). Anders Madsens gate 3, Tonsberg. Arkeologisk utgravning i forbindelse med nedkjørsel til ny parkeringskjeller. NIKU 113/2018. Norsk institutt for kulturminneforskning (NIKU).
188;"Anders Madsens gate 3	";"PK5075	";ST5047;Bygning;"Beta-484361	";"860 ± 30	";"1052 – 1263 evt.	";"-24.2	";580133;6570856;Haugesten, Lars og Gorm Seljeset (2021). Anders Madsens gate 3, Tonsberg. Arkeologisk utgravning i forbindelse med nedkjørsel til ny parkeringskjeller. NIKU 113/2018. Norsk institutt for kulturminneforskning (NIKU).
189;"Anders Madsens gate 3	";"PK5167	";ST5120;Trebrolegging;"Beta-484362	";"870 ± 30	";"1047 – 1261 evt.	";"-23.1	";580130;6570850;Haugesten, Lars og Gorm Seljeset (2021). Anders Madsens gate 3, Tonsberg. Arkeologisk utgravning i forbindelse med nedkjørsel til ny parkeringskjeller. NIKU 113/2018. Norsk institutt for kulturminneforskning (NIKU).
190;"Anders Madsens gate 3	";"PK5256	";ST5445;Trebrolegging;"Beta-484363	";"910 ± 30	";"1040 – 1214 evt.	";"-23.3	";580140;6570860;Haugesten, Lars og Gorm Seljeset (2021). Anders Madsens gate 3, Tonsberg. Arkeologisk utgravning i forbindelse med nedkjørsel til ny parkeringskjeller. NIKU 113/2018. Norsk institutt for kulturminneforskning (NIKU).
191;"Anders Madsens gate 3	";"PK6602	";ST6245;Trebrolegging;"Beta-484365	";"960 ± 30	";"1025 – 1160 evt.	";"-23.7	";580130;6570847;Haugesten, Lars og Gorm Seljeset (2021). Anders Madsens gate 3, Tonsberg. Arkeologisk utgravning i forbindelse med nedkjørsel til ny parkeringskjeller. NIKU 113/2018. Norsk institutt for kulturminneforskning (NIKU).
192;"Anders Madsens gate 3	";"PK7350	";ST7315;Gjerde;"Beta-484366	";"860 ± 30	";"1052 – 1263 evt.	";"-24.4	";580131;6570852;Haugesten, Lars og Gorm Seljeset (2021). Anders Madsens gate 3, Tonsberg. Arkeologisk utgravning i forbindelse med nedkjørsel til ny parkeringskjeller. NIKU 113/2018. Norsk institutt for kulturminneforskning (NIKU).
166;"Baglergaten 2	";"PA1204	";ST1115;Planke;"Beta-455700	";"960 ± 30	";"1025 – 1160 evt.	";"-24.5	";580173;6570880;Haugesten, Lars (2017). Baglergaten 2. NIKU Oppdragsrapport 212/ 2016.
167;"Baglergaten 2	";"PK1489	";SL1476;Kokegrop;"Beta-455699	";"1560 ± 30	";"426 – 575 evt.	";"-21.3	";580199;6570878;Haugesten, Lars (2017). Baglergaten 2. NIKU Oppdragsrapport 212/ 2016.
168;"Baglergaten 2	";"PK1555	";SL1553;Kokegrop;"Beta-455701	";"2830 ± 30	";"1107 – 904 fvt.	";"-26.5	";580166;6570858;Haugesten, Lars (2017). Baglergaten 2. NIKU Oppdragsrapport 212/ 2016.
201;"Baglergaten 2	";"PA5215	";SL5004;Brannlag;"Beta-484348	";"760 ± 30	";"1222 – 1285 evt.	";"-25.8	";580197;6570876;Haugesten, Lars (2021). Baglergaten 2. NIKU Oppdragsrapport 59/2017. Norsk institutt for kulturminneforskning (NIKU).
202;"Baglergaten 2	";"PA6006	";ST5976;Staur;"Beta-484349	";"880 ± 30	";"1045 – 1228 evt.	";"-25.2	";580197;6570878;Haugesten, Lars (2021). Baglergaten 2. NIKU Oppdragsrapport 59/2017. Norsk institutt for kulturminneforskning (NIKU).
203;"Baglergaten 2	";"PA6279	";SL6137;Dyrkingslag;"Beta-484350	";"940 ± 30	";"1028 – 1172 evt.	";"-28.7	";580164;6570858;Haugesten, Lars (2021). Baglergaten 2. NIKU Oppdragsrapport 59/2017. Norsk institutt for kulturminneforskning (NIKU).
204;"Baglergaten 2	";"PA6628	";SL6567;Grøft;"Beta-484351	";"930 ± 30	";"1032 – 1203 evt.	";"-24.8	";580179;6570893;Haugesten, Lars (2021). Baglergaten 2. NIKU Oppdragsrapport 59/2017. Norsk institutt for kulturminneforskning (NIKU).
205;"Baglergaten 2	";"PA6774	";ST6735;Stolpehull;"Beta-484352	";"960 ± 30	";"1025 – 1160 evt.	";"-27.6	";580179;6570898;Haugesten, Lars (2021). Baglergaten 2. NIKU Oppdragsrapport 59/2017. Norsk institutt for kulturminneforskning (NIKU).
206;"Baglergaten 2	";"PK1962	";ST1895;Planke;"Beta-484347	";"1040 ± 30	";"896 – 1114 evt.	";"-24.4	";580168;6570859;Haugesten, Lars (2021). Baglergaten 2. NIKU Oppdragsrapport 59/2017. Norsk institutt for kulturminneforskning (NIKU).
292;"Baglergaten 2	";"TS5387	";K7;;"T-9027	";"940 ± 50	";"1022 – 1216 evt.	";"-26.1	";580230;6570897;
293;"Baglergaten 2	";"TS5686	";K72;;"T-9028	";"895 ± 75	";"1022 – 1270 evt.	";"-26.1	";580230;6570897;
56;"Baglergaten 2/4	";"TS2226	";K251;Kokegrop;"T-4728	";"2990 ± 90	";"1434 – 938 fvt.	";"-26.1	";580210;6570870;Brendalsmo, Jan (1986). Innberetning over de arkeologiske undersøkelsene i kvartalet Dore Langgate/Torogaten/Fayes gate/Kammegaten, Tonsberg 1976-1982. Tønsberg: Riksantikvaren.
57;"Baglergaten 2/4	";"TS2263	";K246;Ardspor;"T-4224A	";"1220 ± 40	";"676 – 940 evt.	";"-26.1	";580206;6570881;Brendalsmo, Jan (1986). Innberetning over de arkeologiske undersøkelsene i kvartalet Dore Langgate/Torogaten/Fayes gate/Kammegaten, Tonsberg 1976-1982. Tønsberg: Riksantikvaren.
58;"Baglergaten 2/4	";"TS2522	";K393;Grav;"T-4727	";"580 ± 40	";"1300 – 1425 evt.	";"-19.6	";580207;6570863;Brendalsmo, Jan (1986). Innberetning over de arkeologiske undersøkelsene i kvartalet Dore Langgate/Torogaten/Fayes gate/Kammegaten, Tonsberg 1976-1982. Tønsberg: Riksantikvaren.
59;"Baglergaten 2/4	";"TS4721	";L456;Grøft;"T-4725A	";"1020 ± 100	";"774 – 1222 evt.	";"-30.6	";580220;6570869;Brendalsmo, Jan (1986). Innberetning over de arkeologiske undersøkelsene i kvartalet Dore Langgate/Torogaten/Fayes gate/Kammegaten, Tonsberg 1976-1982. Tønsberg: Riksantikvaren.
60;"Baglergaten 2/4	";"TS4789	";L438A;Kulturlag;"T-4726A	";"1190 ± 60	";"681 – 990 evt.	";"-29.9	";580224;6570865;Brendalsmo, Jan (1986). Innberetning over de arkeologiske undersøkelsene i kvartalet Dore Langgate/Torogaten/Fayes gate/Kammegaten, Tonsberg 1976-1982. Tønsberg: Riksantikvaren.
142;"Conradis gate	";"P400169	";ST3597;Pålerekke;"FTMC-BC99-7	";"860 ± 27	";"1053 – 1261 evt.	";"	";580287;6570495;Halvorsen, Sunniva Wilberg (2023). Nedre Langgate 19/Conradisgate, Tønsberg. Arkeologisk undersøkelse i forbindelse med nybygg. NIKU 269/2023. Norsk institutt for kulturminneforskning (NIKU).
143;"Conradis gate	";"P400171	";ST3611;Påle;"FTMC-BC99-8	";"864 ± 28	";"1052 – 1260 evt.	";"	";580287;6570497;Halvorsen, Sunniva Wilberg (2023). Nedre Langgate 19/Conradisgate, Tønsberg. Arkeologisk undersøkelse i forbindelse med nybygg. NIKU 269/2023. Norsk institutt for kulturminneforskning (NIKU).
144;"Conradis gate	";"P400173	";SL3148;Kalkstein og huggflis;"FTMC-BC99-9	";"802 ± 28	";"1181 – 1278 evt.	";"	";580286;6570494;Halvorsen, Sunniva Wilberg (2023). Nedre Langgate 19/Conradisgate, Tønsberg. Arkeologisk undersøkelse i forbindelse med nybygg. NIKU 269/2023. Norsk institutt for kulturminneforskning (NIKU).
145;"Conradis gate	";"P400175	";SL3104;Sandlag;"FTMC-BC99-10	";"754 ± 28	";"1225 – 1287 evt.	";"	";580287;6570494;Halvorsen, Sunniva Wilberg (2023). Nedre Langgate 19/Conradisgate, Tønsberg. Arkeologisk undersøkelse i forbindelse med nybygg. NIKU 269/2023. Norsk institutt for kulturminneforskning (NIKU).
146;"Conradis gate	";"P400183	";ST10212;Stokk;"FTMC-BC99-12	";"942 ± 28	";"1030 – 1165 evt.	";"	";580294;6570486;Halvorsen, Sunniva Wilberg (2023). Nedre Langgate 19/Conradisgate, Tønsberg. Arkeologisk undersøkelse i forbindelse med nybygg. NIKU 269/2023. Norsk institutt for kulturminneforskning (NIKU).
147;"Conradis gate	";"P400186	";SL3006;Humuslag;"FTMC-BC99-13	";"700 ± 28	";"1269 – 1386 evt.	";"	";580286;6570493;Halvorsen, Sunniva Wilberg (2023). Nedre Langgate 19/Conradisgate, Tønsberg. Arkeologisk undersøkelse i forbindelse med nybygg. NIKU 269/2023. Norsk institutt for kulturminneforskning (NIKU).
148;"Conradis gate	";"P400188	";SL3148;Kalkstein og huggflis;"FTMC-BC99-15	";"841 ± 28	";"1163 – 1265 evt.	";"	";580288;6570496;Halvorsen, Sunniva Wilberg (2023). Nedre Langgate 19/Conradisgate, Tønsberg. Arkeologisk undersøkelse i forbindelse med nybygg. NIKU 269/2023. Norsk institutt for kulturminneforskning (NIKU).
149;"Conradis gate	";"P400189	";SL3148;Kalkstein og huggflis;"FTMC-BC99-16	";"828 ± 28	";"1171 – 1269 evt.	";"	";580288;6570495;Halvorsen, Sunniva Wilberg (2023). Nedre Langgate 19/Conradisgate, Tønsberg. Arkeologisk undersøkelse i forbindelse med nybygg. NIKU 269/2023. Norsk institutt for kulturminneforskning (NIKU).
150;"Conradis gate	";"P400190	";SL3006;;"FTMC-BC99-17	";"876 ± 30	";"1046 – 1257 evt.	";"	";580286;6570493;Halvorsen, Sunniva Wilberg (2023). Nedre Langgate 19/Conradisgate, Tønsberg. Arkeologisk undersøkelse i forbindelse med nybygg. NIKU 269/2023. Norsk institutt for kulturminneforskning (NIKU).
151;"Conradis gate	";"P400194	";SL400192;Trelag;"FTMC-BC99-18	";"799 ± 28	";"1213 – 1279 evt.	";"	";580285;6570492;Halvorsen, Sunniva Wilberg (2023). Nedre Langgate 19/Conradisgate, Tønsberg. Arkeologisk undersøkelse i forbindelse med nybygg. NIKU 269/2023. Norsk institutt for kulturminneforskning (NIKU).
152;"Conradis gate	";"P400198	";SL400196;Steinpakning;"FTMC-BC99-14	";"486 ± 28	";"1407 – 1452 evt.	";"	";580285;6570492;Halvorsen, Sunniva Wilberg (2023). Nedre Langgate 19/Conradisgate, Tønsberg. Arkeologisk undersøkelse i forbindelse med nybygg. NIKU 269/2023. Norsk institutt for kulturminneforskning (NIKU).
153;"Conradis gate	";"P400202	";SL400200;Kulturlag;"FTMC-BC99-21	";"813 ± 29	";"1176 – 1275 evt.	";"	";580293;6570489;Halvorsen, Sunniva Wilberg (2023). Nedre Langgate 19/Conradisgate, Tønsberg. Arkeologisk undersøkelse i forbindelse med nybygg. NIKU 269/2023. Norsk institutt for kulturminneforskning (NIKU).
154;"Conradis gate	";"P400206	";SL400204;Sandlag;"FTMC-BC99-22	";"698 ± 30	";"1269 – 1388 evt.	";"	";580294;6570490;Halvorsen, Sunniva Wilberg (2023). Nedre Langgate 19/Conradisgate, Tønsberg. Arkeologisk undersøkelse i forbindelse med nybygg. NIKU 269/2023. Norsk institutt for kulturminneforskning (NIKU).
155;"Conradis gate	";"P400210	";SL400208;Ruin-/utjevningslag;"FTMC-BC99-23	";"152 ± 28	";"1666 – 1950 evt.	";"	";580293;6570491;Halvorsen, Sunniva Wilberg (2023). Nedre Langgate 19/Conradisgate, Tønsberg. Arkeologisk undersøkelse i forbindelse med nybygg. NIKU 269/2023. Norsk institutt for kulturminneforskning (NIKU).
156;"Conradis gate	";"P400216	";SL400212;Kulturlag;"FTMC-BC99-19	";"610 ± 28	";"1300 – 1403 evt.	";"	";580290;6570486;Halvorsen, Sunniva Wilberg (2023). Nedre Langgate 19/Conradisgate, Tønsberg. Arkeologisk undersøkelse i forbindelse med nybygg. NIKU 269/2023. Norsk institutt for kulturminneforskning (NIKU).
157;"Conradis gate	";"P400218	";SL400214;Kulturlag;"FTMC-BC99-20	";"713 ± 27	";"1264 – 1384 evt.	";"	";580291;6570486;Halvorsen, Sunniva Wilberg (2023). Nedre Langgate 19/Conradisgate, Tønsberg. Arkeologisk undersøkelse i forbindelse med nybygg. NIKU 269/2023. Norsk institutt for kulturminneforskning (NIKU).
158;"Conradis gate	";"SL400179	";SL400177;Kulturlag;"FTMC-BC99-11	";"596 ± 28	";"1302 – 1409 evt.	";"	";580295;6570488;Halvorsen, Sunniva Wilberg (2023). Nedre Langgate 19/Conradisgate, Tønsberg. Arkeologisk undersøkelse i forbindelse med nybygg. NIKU 269/2023. Norsk institutt for kulturminneforskning (NIKU).
135;"Farmannstorvet	";"19977	";SL19961;;"UBA-44044	";"691 ± 22	";"1275 – 1385 evt.	";"	";580364;6570925;Halvorsen, Sunniva Wilberg (2020). Oppgradering av Farmannstorvet, Tønsberg. Arkeologisk etterkontroll. NIKU Oppdragsrapport 97/ 2020. Norsk institutt for kulturminneforskning (NIKU).
169;"Foyn kjøpesenter	";"PK1107	";SL1106;;"Beta-465530	";"960 ± 30	";"1025 – 1160 evt.	";"-24.2	";580242;6570605;Haugesten, Lars (2018). Foyn kjøpesenter, Tønsberg. Arkeologisk undersøkelse i forbindelse med pelefundamentering av byggekran, graving for fettutskiller од areagrav. NIKU Oppdragsrapport 7/ 2017. Norsk institutt for kulturminneforskning (NIKU).
170;"Foyn kjøpesenter	";"PM1019	";SL1017;;"Beta-465529	";"870 ± 30	";"1047 – 1261 evt.	";"-23.9	";580238;6570609;Haugesten, Lars (2018). Foyn kjøpesenter, Tønsberg. Arkeologisk undersøkelse i forbindelse med pelefundamentering av byggekran, graving for fettutskiller од areagrav. NIKU Oppdragsrapport 7/ 2017. Norsk institutt for kulturminneforskning (NIKU).
126;"Gierløw Meyers gate	";"P1	";SL3022;;"Beta-488686	";"840 ± 30	";"1162 – 1267 evt.	";"-25.2	";580179;6570694;Halvorsen, Sunniva Wilberg (2018). Gierløw Meyers gate, Tønsberg. Arkeologisk undersøkelse i forbindelse med graving for utbedring av vannlekkasje. NIKU 3/ 2018. Norsk institutt for kulturminneforskning (NIKU).
210;"Gierløw Meyers gate	";"7233	";ST7233;Stokk;"UBA-42893	";"547 ± 33	";"1317 – 1437 evt.	";"	";580146;6570648;Haugesten, Lars (2021). Gierløw Meyers gate, Tønsberg. Graving for etablering av nytt gatedekke og søppelsug. NIKU Oppdragsrapport 12/2020. Norsk institutt for kulturminneforskning (NIKU).
211;"Gierløw Meyers gate	";"P7493	";ST7490;Stokk;"UBA-42894	";"641 ± 25	";"1286 – 1396 evt.	";"	";580193;6570713;Haugesten, Lars (2021). Gierløw Meyers gate, Tønsberg. Graving for etablering av nytt gatedekke og søppelsug. NIKU Oppdragsrapport 12/2020. Norsk institutt for kulturminneforskning (NIKU).
212;"Gierløw Meyers gate	";"P7525	";ST7522;Stokk;"UBA-42895	";"1180 ± 23	";"772 – 948 evt.	";"	";580196;6570718;Haugesten, Lars (2021). Gierløw Meyers gate, Tønsberg. Graving for etablering av nytt gatedekke og søppelsug. NIKU Oppdragsrapport 12/2020. Norsk institutt for kulturminneforskning (NIKU).
213;"Gierløw Meyers gate 1	";"6211	";ST6211;Stokk;"UBA-42888	";"675 ± 23	";"1278 – 1388 evt.	";"	";580158;6570660;Haugesten, Lars (2021). Gierløw Meyers gate, Tønsberg. Graving for etablering av nytt gatedekke og søppelsug. NIKU Oppdragsrapport 12/2020. Norsk institutt for kulturminneforskning (NIKU).
214;"Gierløw Meyers gate 1	";"6259	";ST6259;Stokk;"UBA-42889	";"894 ± 29	";"1044 – 1220 evt.	";"	";580159;6570661;Haugesten, Lars (2021). Gierløw Meyers gate, Tønsberg. Graving for etablering av nytt gatedekke og søppelsug. NIKU Oppdragsrapport 12/2020. Norsk institutt for kulturminneforskning (NIKU).
215;"Gierløw Meyers gate 1	";"P5270	";5270;Stokk;"UBA-42891	";"875 ± 24	";"1050 – 1225 evt.	";"	";580128;6570624;Haugesten, Lars (2021). Gierløw Meyers gate, Tønsberg. Graving for etablering av nytt gatedekke og søppelsug. NIKU Oppdragsrapport 12/2020. Norsk institutt for kulturminneforskning (NIKU).
216;"Gierløw Meyers gate 1	";"P6371	";ST6306;Stokk;"UBA-42890	";"912 ± 26	";"1040 – 1212 evt.	";"	";580158;6570661;Haugesten, Lars (2021). Gierløw Meyers gate, Tønsberg. Graving for etablering av nytt gatedekke og søppelsug. NIKU Oppdragsrapport 12/2020. Norsk institutt for kulturminneforskning (NIKU).
100;"Haugar	";"	";42097-2;Gravhaug;"Tua-1016	";"1140 ± 70	";"692 – 1027 evt.	";"-30.1	";580469;6570748;Gansum, Terje (2013). Haugar & Haugating: archaeology of mounds on an assembly site. Tønsberg: Haugar Vestfold kunstmuseum.
101;"Haugar	";"	";42097-2;Gravhaug;"Tua-975	";"1205 ± 60	";"675 – 977 evt.	";"-26.1	";580469;6570749;Gansum, Terje (2013). Haugar & Haugating: archaeology of mounds on an assembly site. Tønsberg: Haugar Vestfold kunstmuseum.
102;"Haugar	";"	";L14;Gravhaug;"Tua-976	";"1175 ± 65	";"681 – 994 evt.	";"-29.8	";580469;6570748;Gansum, Terje (2013). Haugar & Haugating: archaeology of mounds on an assembly site. Tønsberg: Haugar Vestfold kunstmuseum.
103;"Haugar	";"F100004	";42097-2;Gravhaug;"Beta-361408	";"1110 ± 30	";"882 – 1015 evt.	";"-21.7	";580469;6570748;Gansum, Terje (2013). Haugar & Haugating: archaeology of mounds on an assembly site. Tønsberg: Haugar Vestfold kunstmuseum.
104;"Haugar	";"F502	";42097-2;Gravhaug;"Beta-361405	";"1130 ± 30	";"774 – 994 evt.	";"-23.4	";580468;6570749;Gansum, Terje (2013). Haugar & Haugating: archaeology of mounds on an assembly site. Tønsberg: Haugar Vestfold kunstmuseum.
105;"Haugar	";"F505	";42097-2;Gravhaug;"Beta-361406	";"1220 ± 30	";"687 – 888 evt.	";"-27.0	";580469;6570748;Gansum, Terje (2013). Haugar & Haugating: archaeology of mounds on an assembly site. Tønsberg: Haugar Vestfold kunstmuseum.
106;"Haugar	";"F509	";42097-2;Gravhaug;"Beta-362247	";"1120 ± 30	";"774 – 995 evt.	";"-24.9	";580454;6570756;Gansum, Terje (2013). Haugar & Haugating: archaeology of mounds on an assembly site. Tønsberg: Haugar Vestfold kunstmuseum.
107;"Haugar	";"F518	";42097-1;Gravhaug;"Beta-362248	";"1290 ± 30	";"660 – 776 evt.	";"-24.5	";580396;6570786;Gansum, Terje (2013). Haugar & Haugating: archaeology of mounds on an assembly site. Tønsberg: Haugar Vestfold kunstmuseum.
108;"Haugar	";"F521	";42097-1;Gravhaug;"Beta-361407	";"1080 ± 30	";"892 – 1023 evt.	";"-21.8	";580397;6570787;Gansum, Terje (2013). Haugar & Haugating: archaeology of mounds on an assembly site. Tønsberg: Haugar Vestfold kunstmuseum.
294;"Haugar	";"VF5783	";42097-1;Gravhaug;"T-9029	";"315 ± 60	";"1448 – 1797 evt.	";"-26.1	";580397;6570785;
62;"Kammegaten 10	";"TT1639	";;Smie;"T-4717	";"870 ± 80	";"1027 – 1277 evt.	";"-26.1	";580022;6570812;Brendalsmo, Jan (1986). Peterskirken: dens kirkegård og det eldste Tønsberg. Tønsberg: Riksantikvaren.
63;"Kammegaten 10/11	";"TT1240	";K33;Brønn;"T-4223	";"1120 ± 50	";"773 – 1023 evt.	";"-26.1	";580299;6570864;Brendalsmo, Jan (1986). Peterskirken: dens kirkegård og det eldste Tønsberg. Tønsberg: Riksantikvaren.
159;"Klostergaten	";"P400157	";ST2102;;"FTMC-BC99-4	";"1521 ± 28	";"436 – 636 evt.	";"	";580324;6570440;Halvorsen, Sunniva Wilberg (2023). Nedre Langgate 19/Conradisgate, Tønsberg. Arkeologisk undersøkelse i forbindelse med nybygg. NIKU 269/2023. Norsk institutt for kulturminneforskning (NIKU).
160;"Klostergaten	";"P400165	";SL400162;;"FTMC-BC99-5	";"252 ± 28	";"1522 – 1800 evt.	";"	";580328;6570437;Halvorsen, Sunniva Wilberg (2023). Nedre Langgate 19/Conradisgate, Tønsberg. Arkeologisk undersøkelse i forbindelse med nybygg. NIKU 269/2023. Norsk institutt for kulturminneforskning (NIKU).
161;"Klostergaten	";"P400166	";SL400160;;"FTMC-BC99-6	";"156 ± 28	";"1665 – 1950 evt.	";"	";580327;6570437;Halvorsen, Sunniva Wilberg (2023). Nedre Langgate 19/Conradisgate, Tønsberg. Arkeologisk undersøkelse i forbindelse med nybygg. NIKU 269/2023. Norsk institutt for kulturminneforskning (NIKU).
138;"Mikaelskirken	";"HBP1	";K3;Grav;"Beta-501804	";"960 ± 30	";"1025 – 1160 evt.	";"-19.9	";580009;6571188;Halvorsen, Sunniva Wilberg (2021). Øvre Langgate 69, vannlekkasje. Tønsberg. NIKU 22/2021. Norsk institutt for kulturminneforskning (NIKU).
139;"Mikaelskirken	";"HBP2	";K5;Grav;"Beta-501803	";"840 ± 30	";"1162 – 1267 evt.	";"-20.5	";580008;6571188;Halvorsen, Sunniva Wilberg (2021). Øvre Langgate 69, vannlekkasje. Tønsberg. NIKU 22/2021. Norsk institutt for kulturminneforskning (NIKU).
140;"Mikaelskirken	";"P1	";K3;;"Beta-485329	";"610 ± 30	";"1299 – 1404 evt.	";"-23.9	";580009;6571189;Halvorsen, Sunniva Wilberg (2021). Øvre Langgate 69, vannlekkasje. Tønsberg. NIKU 22/2021. Norsk institutt for kulturminneforskning (NIKU).
171;"Møllegaten 1	";"1015	";SL1013;;"Beta-473284	";"980 ± 30	";"995 – 1158 evt.	";"-24.0	";580134;6570701;Haugesten, Lars (2018). Møllegaten 1, Tønsberg. Boring av energibrønner. NIKU Oppdragsrapport 159/2017. Norsk institutt for kulturminneforskning (NIKU).
172;"Møllegaten 1	";"1044	";SL1043;;"Beta-473285	";"940 ± 30	";"1028 – 1172 evt.	";"-28.1	";580150;6570689;Haugesten, Lars (2018). Møllegaten 1, Tønsberg. Boring av energibrønner. NIKU Oppdragsrapport 159/2017. Norsk institutt for kulturminneforskning (NIKU).
173;"Møllegaten 1	";"1061	";SL1059;;"Beta-473286	";"740 ± 30	";"1225 – 1299 evt.	";"-25.3	";580144;6570680;Haugesten, Lars (2018). Møllegaten 1, Tønsberg. Boring av energibrønner. NIKU Oppdragsrapport 159/2017. Norsk institutt for kulturminneforskning (NIKU).
1;"Møllegaten 3A	";"1	";;Brannlag;"FTMC-K160-1	";"753 ± 29	";"1224 – 1288 evt.	";"	";580123;6570697;Bergland, Tone og Hanne Ekstrøm Jordahl (2023). Forenklet rapport: Møllegaten 3, vannlekkasje. lønsberg: Norsk institutt for kulturminneforskning (NIKU).
61;"Møllegaten/Øvre Langgate 48	";"TX2400	";85258-2;Grav;"T-6729	";"970 ± 80	";"893 – 1227 evt.	";"-26.1	";580188;6570817;Brendalsmo, Jan (1986). Innberetning over de arkeologiske utgravingene i Baglergaten 2-4, Tonsberg, 1981-1982. Del 1: tekst. Tekn. rapp. Riksantikvaren.
174;"Nedre Langgate 33	";"20435	";SL20417;Kulturlag;"UBA-44420	";"296 ± 17	";"1517 – 1650 evt.	";"	";580200;6570560;Haugesten, Lars (2020). Arkeologisk rapport. NIKU Oppdragsrapport 136/2020. Norsk institutt for kulturminneforskning (NIKU).
175;"Nedre Langgate 33	";"20436	";SL20417;Kulturlag;"UBA-44421	";"658 ± 22	";"1284 – 1390 evt.	";"	";580201;6570559;Haugesten, Lars (2020). Arkeologisk rapport. NIKU Oppdragsrapport 136/2020. Norsk institutt for kulturminneforskning (NIKU).
2;"Nedre Langgate/Anders Madsens gate	";"1	";;Stabbe;"FTMC-WO-49-1	";"577 ± 27	";"1307 – 1420 evt.	";"	";580021;6570758;Bergland, Tone (2024). Forenklet rapport: krysset Nedre Langgate - Anders Madsens gate,vannlekkasje. Tønsberg: Norsk institutt for kulturminneforskning (NIKU).
193;"Nordbyen 28	";"14062	";SL14052;;"UBA-44171	";"4629 ± 28	";"3514 – 3356 fvt.	";"	";579841;6571119;
141;"Nordbyen 36	";"BP2	";21211;;"UBA-44816	";"927 ± 21	";"1036 – 1171 evt.	";"	";579816;6571178;Halvorsen, Sunniva Wilberg (2021). Øvre Langgate 69, vannlekkasje. Tønsberg. NIKU 22/2021. Norsk institutt for kulturminneforskning (NIKU).
207;"Rådhusgaten 4	";"PA12387	";SL12367;Avfallslag;"UBA-44045	";"369 ± 30	";"1450 – 1635 evt.	";"	";580178;6570681;
208;"Rådhusgaten 4	";"PA12388	";SL12368;Avfallslag;"UBA-44046	";"940 ± 21	";"1035 – 1160 evt.	";"	";580183;6570681;
209;"Rådhusgaten 4	";"PA12389	";SL12372;Brannlag;"UBA-44047	";"809 ± 21	";"1216 – 1272 evt.	";"	";580185;6570681;
217;"Rådhusgaten, nedre	";"13792	";ST13792;;"UBA-45262	";"542 ± 20	";"1326 – 1429 evt.	";"	";580140;6570589;Haugesten, Lars (2022). Rådhusgaten, nedre del. Tønsberg. Overvannsprosjektet. NIKU Oppdragsrapport 118/2019. Norsk institutt for kulturminneforskning (NIKU).
218;"Rådhusgaten, nedre	";"13821	";ST13574;Rundstokk;"UBA-45266	";"152 ± 22	";"1667 – 1950 evt.	";"	";580140;6570588;Haugesten, Lars (2022). Rådhusgaten, nedre del. Tønsberg. Overvannsprosjektet. NIKU Oppdragsrapport 118/2019. Norsk institutt for kulturminneforskning (NIKU).
219;"Rådhusgaten, nedre	";"15739	";SL15719;;"UBA-45269	";"757 ± 19	";"1228 – 1284 evt.	";"-21.3	";580166;6570611;Haugesten, Lars (2022). Rådhusgaten, nedre del. Tønsberg. Overvannsprosjektet. NIKU Oppdragsrapport 118/2019. Norsk institutt for kulturminneforskning (NIKU).
220;"Rådhusgaten, nedre	";"15778	";SL15740;;"UBA-45268	";"900 ± 22	";"1045 – 1218 evt.	";"	";580168;6570605;Haugesten, Lars (2022). Rådhusgaten, nedre del. Tønsberg. Overvannsprosjektet. NIKU Oppdragsrapport 118/2019. Norsk institutt for kulturminneforskning (NIKU).
221;"Rådhusgaten, nedre	";"15781	";SL15743;;"UBA-45263	";"820 ± 20	";"1179 – 1270 evt.	";"	";580168;6570605;Haugesten, Lars (2022). Rådhusgaten, nedre del. Tønsberg. Overvannsprosjektet. NIKU Oppdragsrapport 118/2019. Norsk institutt for kulturminneforskning (NIKU).
222;"Rådhusgaten, nedre	";"15818	";ST15817;;"UBA-45267	";"895 ± 22	";"1046 – 1219 evt.	";"	";580164;6570611;Haugesten, Lars (2022). Rådhusgaten, nedre del. Tønsberg. Overvannsprosjektet. NIKU Oppdragsrapport 118/2019. Norsk institutt for kulturminneforskning (NIKU).
223;"Rådhusgaten, nedre	";"16113	";ST16106;;"UBA-45265	";"870 ± 26	";"1050 – 1256 evt.	";"	";580167;6570601;Haugesten, Lars (2022). Rådhusgaten, nedre del. Tønsberg. Overvannsprosjektet. NIKU Oppdragsrapport 118/2019. Norsk institutt for kulturminneforskning (NIKU).
224;"Rådhusgaten, nedre	";"16476	";ST16467;;"UBA-45264	";"768 ± 22	";"1225 – 1280 evt.	";"	";580158;6570603;Haugesten, Lars (2022). Rådhusgaten, nedre del. Tønsberg. Overvannsprosjektet. NIKU Oppdragsrapport 118/2019. Norsk institutt for kulturminneforskning (NIKU).
225;"Rådhusgaten, nedre	";"802502	";ST15810;Stokk;"UBA-45261	";"30 ± 19	";"1700 – 1909 evt.	";"	";580162;6570608;Haugesten, Lars (2022). Rådhusgaten, nedre del. Tønsberg. Overvannsprosjektet. NIKU Oppdragsrapport 118/2019. Norsk institutt for kulturminneforskning (NIKU).
3;"Rådhusgaten, øvre	";"PB403724	";FB5320;Aktivitetslag;"FTMC-NB12-8	";"903 ± 29	";"1042 – 1218 evt.	";"	";;;Bergland, Tone mfl. (2025). Rådhusgaten, øvre - overvannsprosjektet. Arkeologiske undersøkelser i Rådhusgaten og Storgaten, Tønsberg. NIKU rapport 465a. Tønsberg: Norsk institutt for kulturminneforskning (NIKU).
4;"Rådhusgaten, øvre	";"PB403725	";FB4724;Produksjonsavfall;"FTMC-NB12-9	";"693 ± 29	";"1271 – 1388 evt.	";"	";;;Bergland, Tone mfl. (2025). Rådhusgaten, øvre - overvannsprosjektet. Arkeologiske undersøkelser i Rådhusgaten og Storgaten, Tønsberg. NIKU rapport 465a. Tønsberg: Norsk institutt for kulturminneforskning (NIKU).
5;"Rådhusgaten, øvre	";"PD10076	";ST9913;Gårdsplass;"FTMC-WW97-1	";"819 ± 30	";"1175 – 1273 evt.	";"	";;;Bergland, Tone mfl. (2025). Rådhusgaten, øvre - overvannsprosjektet. Arkeologiske undersøkelser i Rådhusgaten og Storgaten, Tønsberg. NIKU rapport 465a. Tønsberg: Norsk institutt for kulturminneforskning (NIKU).
6;"Rådhusgaten, øvre	";"PD11973	";ST11901;Bygning;"FTMC-WW97-2	";"966 ± 29	";"1024 – 1158 evt.	";"	";;;Bergland, Tone mfl. (2025). Rådhusgaten, øvre - overvannsprosjektet. Arkeologiske undersøkelser i Rådhusgaten og Storgaten, Tønsberg. NIKU rapport 465a. Tønsberg: Norsk institutt for kulturminneforskning (NIKU).
7;"Rådhusgaten, øvre	";"PD12245	";ST12200;Brygge;"FTMC-WW97-3	";"997 ± 28	";"992 – 1154 evt.	";"	";;;Bergland, Tone mfl. (2025). Rådhusgaten, øvre - overvannsprosjektet. Arkeologiske undersøkelser i Rådhusgaten og Storgaten, Tønsberg. NIKU rapport 465a. Tønsberg: Norsk institutt for kulturminneforskning (NIKU).
8;"Rådhusgaten, øvre	";"PD12249	";ST12188;Brygge;"FTMC-WW97-4	";"855 ± 29	";"1053 – 1264 evt.	";"	";;;Bergland, Tone mfl. (2025). Rådhusgaten, øvre - overvannsprosjektet. Arkeologiske undersøkelser i Rådhusgaten og Storgaten, Tønsberg. NIKU rapport 465a. Tønsberg: Norsk institutt for kulturminneforskning (NIKU).
9;"Rådhusgaten, øvre	";"PD1757	";ST1727;Bygning;"FTMC-WW97-5	";"732 ± 30	";"1227 – 1378 evt.	";"	";;;Bergland, Tone mfl. (2025). Rådhusgaten, øvre - overvannsprosjektet. Arkeologiske undersøkelser i Rådhusgaten og Storgaten, Tønsberg. NIKU rapport 465a. Tønsberg: Norsk institutt for kulturminneforskning (NIKU).
10;"Rådhusgaten, øvre	";"PD1758	";ST1740;Bygning;"FTMC-WW97-6	";"769 ± 29	";"1222 – 1282 evt.	";"	";;;Bergland, Tone mfl. (2025). Rådhusgaten, øvre - overvannsprosjektet. Arkeologiske undersøkelser i Rådhusgaten og Storgaten, Tønsberg. NIKU rapport 465a. Tønsberg: Norsk institutt for kulturminneforskning (NIKU).
11;"Rådhusgaten, øvre	";"PD2184	";ST2175;Bygning;"FTMC-WW97-7	";"920 ± 29	";"1036 – 1209 evt.	";"	";;;Bergland, Tone mfl. (2025). Rådhusgaten, øvre - overvannsprosjektet. Arkeologiske undersøkelser i Rådhusgaten og Storgaten, Tønsberg. NIKU rapport 465a. Tønsberg: Norsk institutt for kulturminneforskning (NIKU).
12;"Rådhusgaten, øvre	";"PD3236	";ST3226;Brygge;"FTMC-WW97-8	";"921 ± 30	";"1035 – 1208 evt.	";"	";;;Bergland, Tone mfl. (2025). Rådhusgaten, øvre - overvannsprosjektet. Arkeologiske undersøkelser i Rådhusgaten og Storgaten, Tønsberg. NIKU rapport 465a. Tønsberg: Norsk institutt for kulturminneforskning (NIKU).
13;"Rådhusgaten, øvre	";"PD3274	";ST3215;Brygge;"FTMC-WW97-9	";"919 ± 29	";"1036 – 1209 evt.	";"	";;;Bergland, Tone mfl. (2025). Rådhusgaten, øvre - overvannsprosjektet. Arkeologiske undersøkelser i Rådhusgaten og Storgaten, Tønsberg. NIKU rapport 465a. Tønsberg: Norsk institutt for kulturminneforskning (NIKU).
14;"Rådhusgaten, øvre	";"PD6204	";ST5661;Bygning;"FTMC-WW97-10	";"777 ± 31	";"1220 – 1280 evt.	";"	";;;Bergland, Tone mfl. (2025). Rådhusgaten, øvre - overvannsprosjektet. Arkeologiske undersøkelser i Rådhusgaten og Storgaten, Tønsberg. NIKU rapport 465a. Tønsberg: Norsk institutt for kulturminneforskning (NIKU).
15;"Rådhusgaten, øvre	";"PD8032	";ST7762;Bygning;"FTMC-WW97-11	";"772 ± 30	";"1221 – 1282 evt.	";"	";;;Bergland, Tone mfl. (2025). Rådhusgaten, øvre - overvannsprosjektet. Arkeologiske undersøkelser i Rådhusgaten og Storgaten, Tønsberg. NIKU rapport 465a. Tønsberg: Norsk institutt for kulturminneforskning (NIKU).
16;"Rådhusgaten, øvre	";"PK10015	";ST10003;Dør;"FTMC-NB12-7	";"887 ± 29	";"1045 – 1224 evt.	";"	";;;Bergland, Tone mfl. (2025). Rådhusgaten, øvre - overvannsprosjektet. Arkeologiske undersøkelser i Rådhusgaten og Storgaten, Tønsberg. NIKU rapport 465a. Tønsberg: Norsk institutt for kulturminneforskning (NIKU).
17;"Rådhusgaten, øvre	";"PK11165	";ST11145;Bygning;"FTMC-WW97-12	";"850 ± 29	";"1157 – 1266 evt.	";"	";;;Bergland, Tone mfl. (2025). Rådhusgaten, øvre - overvannsprosjektet. Arkeologiske undersøkelser i Rådhusgaten og Storgaten, Tønsberg. NIKU rapport 465a. Tønsberg: Norsk institutt for kulturminneforskning (NIKU).
18;"Rådhusgaten, øvre	";"PK1120	";ST1077;Gate;"FTMC-WW97-13	";"858 ± 29	";"1053 – 1263 evt.	";"	";;;Bergland, Tone mfl. (2025). Rådhusgaten, øvre - overvannsprosjektet. Arkeologiske undersøkelser i Rådhusgaten og Storgaten, Tønsberg. NIKU rapport 465a. Tønsberg: Norsk institutt for kulturminneforskning (NIKU).
19;"Rådhusgaten, øvre	";"PK11218	";ST11203;Bygning;"FTMC-JJ31-1	";"751 ± 30	";"1224 – 1290 evt.	";"	";;;Bergland, Tone mfl. (2025). Rådhusgaten, øvre - overvannsprosjektet. Arkeologiske undersøkelser i Rådhusgaten og Storgaten, Tønsberg. NIKU rapport 465a. Tønsberg: Norsk institutt for kulturminneforskning (NIKU).
20;"Rådhusgaten, øvre	";"PK11262	";ST11250;;"FTMC-JJ31-4	";"838 ± 30	";"1164 – 1266 evt.	";"	";;;Bergland, Tone mfl. (2025). Rådhusgaten, øvre - overvannsprosjektet. Arkeologiske undersøkelser i Rådhusgaten og Storgaten, Tønsberg. NIKU rapport 465a. Tønsberg: Norsk institutt for kulturminneforskning (NIKU).
21;"Rådhusgaten, øvre	";"PK1206	";ST1197;Gate;"FTMC-WW97-14	";"902 ± 30	";"1042 – 1218 evt.	";"	";;;Bergland, Tone mfl. (2025). Rådhusgaten, øvre - overvannsprosjektet. Arkeologiske undersøkelser i Rådhusgaten og Storgaten, Tønsberg. NIKU rapport 465a. Tønsberg: Norsk institutt for kulturminneforskning (NIKU).
22;"Rådhusgaten, øvre	";"PK1207	";ST1201;Gate;"FTMC-WW97-15	";"866 ± 28	";"1051 – 1261 evt.	";"	";;;Bergland, Tone mfl. (2025). Rådhusgaten, øvre - overvannsprosjektet. Arkeologiske undersøkelser i Rådhusgaten og Storgaten, Tønsberg. NIKU rapport 465a. Tønsberg: Norsk institutt for kulturminneforskning (NIKU).
23;"Rådhusgaten, øvre	";"PK1308	";ST1300;Trebrolegging;"FTMC-IT83-2	";"995 ± 30	";"992 – 1154 evt.	";"	";;;Bergland, Tone mfl. (2025). Rådhusgaten, øvre - overvannsprosjektet. Arkeologiske undersøkelser i Rådhusgaten og Storgaten, Tønsberg. NIKU rapport 465a. Tønsberg: Norsk institutt for kulturminneforskning (NIKU).
24;"Rådhusgaten, øvre	";"PK1870	";ST1861;Bygning;"FTMC-JJ31-7	";"763 ± 30	";"1222 – 1285 evt.	";"	";;;Bergland, Tone mfl. (2025). Rådhusgaten, øvre - overvannsprosjektet. Arkeologiske undersøkelser i Rådhusgaten og Storgaten, Tønsberg. NIKU rapport 465a. Tønsberg: Norsk institutt for kulturminneforskning (NIKU).
25;"Rådhusgaten, øvre	";"PK2579	";;Bygning;"FTMC-WW97-16	";"854 ± 29	";"1053 – 1265 evt.	";"	";;;Bergland, Tone mfl. (2025). Rådhusgaten, øvre - overvannsprosjektet. Arkeologiske undersøkelser i Rådhusgaten og Storgaten, Tønsberg. NIKU rapport 465a. Tønsberg: Norsk institutt for kulturminneforskning (NIKU).
26;"Rådhusgaten, øvre	";"PK400201	";ST2711;Bygning;"FTMC-JJ31-6	";"810 ± 30	";"1178 – 1276 evt.	";"	";;;Bergland, Tone mfl. (2025). Rådhusgaten, øvre - overvannsprosjektet. Arkeologiske undersøkelser i Rådhusgaten og Storgaten, Tønsberg. NIKU rapport 465a. Tønsberg: Norsk institutt for kulturminneforskning (NIKU).
27;"Rådhusgaten, øvre	";"PK403933	";SL6693;Latrine;"FTMC-JJ31-5	";"773 ± 30	";"1221 – 1282 evt.	";"	";;;Bergland, Tone mfl. (2025). Rådhusgaten, øvre - overvannsprosjektet. Arkeologiske undersøkelser i Rådhusgaten og Storgaten, Tønsberg. NIKU rapport 465a. Tønsberg: Norsk institutt for kulturminneforskning (NIKU).
28;"Rådhusgaten, øvre	";"PK4409	";ST4395;Bygning;"FTMC-WW97-17	";"768 ± 29	";"1223 – 1282 evt.	";"	";;;Bergland, Tone mfl. (2025). Rådhusgaten, øvre - overvannsprosjektet. Arkeologiske undersøkelser i Rådhusgaten og Storgaten, Tønsberg. NIKU rapport 465a. Tønsberg: Norsk institutt for kulturminneforskning (NIKU).
29;"Rådhusgaten, øvre	";"PK4444	";ST4430;Bygning;"FTMC-WW97-18	";"836 ± 29	";"1166 – 1266 evt.	";"	";;;Bergland, Tone mfl. (2025). Rådhusgaten, øvre - overvannsprosjektet. Arkeologiske undersøkelser i Rådhusgaten og Storgaten, Tønsberg. NIKU rapport 465a. Tønsberg: Norsk institutt for kulturminneforskning (NIKU).
30;"Rådhusgaten, øvre	";"PK4543	";ST4469;Bygning;"FTMC-NB12-1	";"743 ± 29	";"1226 – 1296 evt.	";"	";;;Bergland, Tone mfl. (2025). Rådhusgaten, øvre - overvannsprosjektet. Arkeologiske undersøkelser i Rådhusgaten og Storgaten, Tønsberg. NIKU rapport 465a. Tønsberg: Norsk institutt for kulturminneforskning (NIKU).
31;"Rådhusgaten, øvre	";"PK4640	";ST4558;Gate;"FTMC-WW97-19	";"823 ± 28	";"1175 – 1271 evt.	";"	";;;Bergland, Tone mfl. (2025). Rådhusgaten, øvre - overvannsprosjektet. Arkeologiske undersøkelser i Rådhusgaten og Storgaten, Tønsberg. NIKU rapport 465a. Tønsberg: Norsk institutt for kulturminneforskning (NIKU).
32;"Rådhusgaten, øvre	";"PK5127	";ST4987;Gate;"FTMC-WW97-20	";"898 ± 29	";"1043 – 1219 evt.	";"	";;;Bergland, Tone mfl. (2025). Rådhusgaten, øvre - overvannsprosjektet. Arkeologiske undersøkelser i Rådhusgaten og Storgaten, Tønsberg. NIKU rapport 465a. Tønsberg: Norsk institutt for kulturminneforskning (NIKU).
33;"Rådhusgaten, øvre	";"PK5169	";ST5135;Gate;"FTMC-WW97-21	";"844 ± 28	";"1161 – 1265 evt.	";"	";;;Bergland, Tone mfl. (2025). Rådhusgaten, øvre - overvannsprosjektet. Arkeologiske undersøkelser i Rådhusgaten og Storgaten, Tønsberg. NIKU rapport 465a. Tønsberg: Norsk institutt for kulturminneforskning (NIKU).
34;"Rådhusgaten, øvre	";"PK5317	";ST5302;Gate;"FTMC-IT83-1	";"928 ± 29	";"1033 – 1202 evt.	";"	";;;Bergland, Tone mfl. (2025). Rådhusgaten, øvre - overvannsprosjektet. Arkeologiske undersøkelser i Rådhusgaten og Storgaten, Tønsberg. NIKU rapport 465a. Tønsberg: Norsk institutt for kulturminneforskning (NIKU).
35;"Rådhusgaten, øvre	";"PK5551	";ST5403/SL5552;Stabbe;"FTMC-JJ31-3	";"1136 ± 29	";"774 – 993 evt.	";"	";;;Bergland, Tone mfl. (2025). Rådhusgaten, øvre - overvannsprosjektet. Arkeologiske undersøkelser i Rådhusgaten og Storgaten, Tønsberg. NIKU rapport 465a. Tønsberg: Norsk institutt for kulturminneforskning (NIKU).
36;"Rådhusgaten, øvre	";"PK6784	";ST6742;Bygning;"FTMC-WW97-22	";"760 ± 30	";"1222 – 1285 evt.	";"	";;;Bergland, Tone mfl. (2025). Rådhusgaten, øvre - overvannsprosjektet. Arkeologiske undersøkelser i Rådhusgaten og Storgaten, Tønsberg. NIKU rapport 465a. Tønsberg: Norsk institutt for kulturminneforskning (NIKU).
37;"Rådhusgaten, øvre	";"PK6828	";ST6785;Bygning;"FTMC-JJ31-2	";"757 ± 30	";"1223 – 1287 evt.	";"	";;;Bergland, Tone mfl. (2025). Rådhusgaten, øvre - overvannsprosjektet. Arkeologiske undersøkelser i Rådhusgaten og Storgaten, Tønsberg. NIKU rapport 465a. Tønsberg: Norsk institutt for kulturminneforskning (NIKU).
38;"Rådhusgaten, øvre	";"PK7878	";ST7870;Bygning;"FTMC-JJ31-8	";"796 ± 29	";"1213 – 1279 evt.	";"	";;;Bergland, Tone mfl. (2025). Rådhusgaten, øvre - overvannsprosjektet. Arkeologiske undersøkelser i Rådhusgaten og Storgaten, Tønsberg. NIKU rapport 465a. Tønsberg: Norsk institutt for kulturminneforskning (NIKU).
39;"Rådhusgaten, øvre	";"PK7959	";ST7663;Bygning;"FTMC-JJ31-9	";"912 ± 29	";"1040 – 1212 evt.	";"	";;;Bergland, Tone mfl. (2025). Rådhusgaten, øvre - overvannsprosjektet. Arkeologiske undersøkelser i Rådhusgaten og Storgaten, Tønsberg. NIKU rapport 465a. Tønsberg: Norsk institutt for kulturminneforskning (NIKU).
40;"Rådhusgaten, øvre	";"PK8654	";ST8629;Bygning;"FTMC-NB12-2	";"765 ± 29	";"1223 – 1283 evt.	";"	";;;Bergland, Tone mfl. (2025). Rådhusgaten, øvre - overvannsprosjektet. Arkeologiske undersøkelser i Rådhusgaten og Storgaten, Tønsberg. NIKU rapport 465a. Tønsberg: Norsk institutt for kulturminneforskning (NIKU).
41;"Rådhusgaten, øvre	";"PK9013	";ST8936;Bygning;"FTMC-NB12-3	";"810 ± 29	";"1179 – 1275 evt.	";"	";;;Bergland, Tone mfl. (2025). Rådhusgaten, øvre - overvannsprosjektet. Arkeologiske undersøkelser i Rådhusgaten og Storgaten, Tønsberg. NIKU rapport 465a. Tønsberg: Norsk institutt for kulturminneforskning (NIKU).
42;"Rådhusgaten, øvre	";"PK9314	";ST9084;Bygning (?);"FTMC-NB12-4	";"777 ± 29	";"1220 – 1280 evt.	";"	";;;Bergland, Tone mfl. (2025). Rådhusgaten, øvre - overvannsprosjektet. Arkeologiske undersøkelser i Rådhusgaten og Storgaten, Tønsberg. NIKU rapport 465a. Tønsberg: Norsk institutt for kulturminneforskning (NIKU).
43;"Rådhusgaten, øvre	";"PK9320	";ST9304;Bygning;"FTMC-NB12-5	";"877 ± 29	";"1046 – 1255 evt.	";"	";;;Bergland, Tone mfl. (2025). Rådhusgaten, øvre - overvannsprosjektet. Arkeologiske undersøkelser i Rådhusgaten og Storgaten, Tønsberg. NIKU rapport 465a. Tønsberg: Norsk institutt for kulturminneforskning (NIKU).
44;"Rådhusgaten, øvre	";"PK9753	";ST9487;Brønn;"FTMC-NB12-6	";"611 ± 29	";"1299 – 1403 evt.	";"	";;;Bergland, Tone mfl. (2025). Rådhusgaten, øvre - overvannsprosjektet. Arkeologiske undersøkelser i Rådhusgaten og Storgaten, Tønsberg. NIKU rapport 465a. Tønsberg: Norsk institutt for kulturminneforskning (NIKU).
113;"Slottsfjellet	";"P10	";K42;;"UBA-26237	";"1009 ± 26	";"991 – 1150 evt.	";"	";580029;6571271;Halvorsen, Sunniva Wilberg (2014). Slottsfjellet, del 1. Forundersøkelse. NIKU Oppdragsrapport 72/2014. Norsk institutt for kulturminneforskning (NIKU).
114;"Slottsfjellet	";"P11	";K47;;"UBA-26236	";"655 ± 27	";"1281 – 1394 evt.	";"	";580040;6571258;Halvorsen, Sunniva Wilberg (2014). Slottsfjellet, del 1. Forundersøkelse. NIKU Oppdragsrapport 72/2014. Norsk institutt for kulturminneforskning (NIKU).
115;"Slottsfjellet	";"P12	";K48;;"UBA-26235	";"1696 ± 36	";"250 – 425 evt.	";"	";580039;6571257;Halvorsen, Sunniva Wilberg (2014). Slottsfjellet, del 1. Forundersøkelse. NIKU Oppdragsrapport 72/2014. Norsk institutt for kulturminneforskning (NIKU).
116;"Slottsfjellet	";"P16	";K29;Dyrebein;"UBA-26238	";"318 ± 39	";"1475 – 1650 evt.	";"-22.4	";580016;6571282;Halvorsen, Sunniva Wilberg (2014). Slottsfjellet, del 1. Forundersøkelse. NIKU Oppdragsrapport 72/2014. Norsk institutt for kulturminneforskning (NIKU).
117;"Slottsfjellet	";"P17	";K30;Dyrebein;"UBA-26239	";"751 ± 31	";"1224 – 1291 evt.	";"-21.7	";580017;6571282;Halvorsen, Sunniva Wilberg (2014). Slottsfjellet, del 1. Forundersøkelse. NIKU Oppdragsrapport 72/2014. Norsk institutt for kulturminneforskning (NIKU).
118;"Slottsfjellet	";"P18	";K42;Dyrebein;"UBA-26240	";"539 ± 26	";"1325 – 1435 evt.	";"-22.3	";580028;6571271;Halvorsen, Sunniva Wilberg (2014). Slottsfjellet, del 1. Forundersøkelse. NIKU Oppdragsrapport 72/2014. Norsk institutt for kulturminneforskning (NIKU).
119;"Slottsfjellet	";"P2	";K10;;"UBA-26233	";"1176 ± 32	";"772 – 974 evt.	";"	";579953;6571277;Halvorsen, Sunniva Wilberg (2014). Slottsfjellet, del 1. Forundersøkelse. NIKU Oppdragsrapport 72/2014. Norsk institutt for kulturminneforskning (NIKU).
120;"Slottsfjellet	";"P4	";K21;;"UBA-26234	";"1547 ± 27	";"433 – 589 evt.	";"	";579943;6571313;Halvorsen, Sunniva Wilberg (2014). Slottsfjellet, del 1. Forundersøkelse. NIKU Oppdragsrapport 72/2014. Norsk institutt for kulturminneforskning (NIKU).
295;"Slottsfjellet	";"Slottsfjellet 1	";;;"T-9030	";"450 ± 75	";"1323 – 1637 evt.	";"-26.1	";580036;6571188;
121;Storgaten (Tollbodgt – Møllegt);"P1	";K1;Trebrolegging;"UBA-28240	";"700 ± 25	";"1271 – 1384 evt.	";"	";;;Halvorsen, Sunniva Wilberg (2015). Storgaten (Tollbodgt - Møllegt), Tønsberg. Arkeologisk overvåking av gravearbeider i forbindelse med reparasjon av vannledning og utskifting av kummer. NIKU Oppdragsrapport 2/2015. Norsk institutt for kulturminneforskning (NIKU).
122;Storgaten (Tollbodgt – Møllegt);"P11	";K70;Brannlag;"UBA-28243	";"924 ± 29	";"1034 – 1206 evt.	";"	";;;Halvorsen, Sunniva Wilberg (2015). Storgaten (Tollbodgt - Møllegt), Tønsberg. Arkeologisk overvåking av gravearbeider i forbindelse med reparasjon av vannledning og utskifting av kummer. NIKU Oppdragsrapport 2/2015. Norsk institutt for kulturminneforskning (NIKU).
123;Storgaten (Tollbodgt – Møllegt);"P15	";K82;Trebrolegging;"UBA-28244	";"685 ± 24	";"1276 – 1388 evt.	";"	";;;Halvorsen, Sunniva Wilberg (2015). Storgaten (Tollbodgt - Møllegt), Tønsberg. Arkeologisk overvåking av gravearbeider i forbindelse med reparasjon av vannledning og utskifting av kummer. NIKU Oppdragsrapport 2/2015. Norsk institutt for kulturminneforskning (NIKU).
124;Storgaten (Tollbodgt – Møllegt);"P8	";K17;Kulturlag;"UBA-28241	";"775 ± 32	";"1220 – 1282 evt.	";"	";;;Halvorsen, Sunniva Wilberg (2015). Storgaten (Tollbodgt - Møllegt), Tønsberg. Arkeologisk overvåking av gravearbeider i forbindelse med reparasjon av vannledning og utskifting av kummer. NIKU Oppdragsrapport 2/2015. Norsk institutt for kulturminneforskning (NIKU).
125;Storgaten (Tollbodgt – Møllegt);"P9	";K42;Bygning;"UBA-28242	";"860 ± 23	";"1054 – 1259 evt.	";"	";;;Halvorsen, Sunniva Wilberg (2015). Storgaten (Tollbodgt - Møllegt), Tønsberg. Arkeologisk overvåking av gravearbeider i forbindelse med reparasjon av vannledning og utskifting av kummer. NIKU Oppdragsrapport 2/2015. Norsk institutt for kulturminneforskning (NIKU).
252;"Storgaten 16	";"260	";K161, L371;Ovn;"T-10604A	";"950 ± 45	";"999 – 1210 evt.	";"-27.0	";580385;6570515;Petterson, Dan (1991). De arkeologiske undersøkelsene i Storgaten 16, Tønsberg 1991. Tønsberg: Riksantikvaren.
253;"Storgaten 16	";"261	";L377;Gulv;"T-10606A	";"1015 ± 65	";"889 – 1175 evt.	";"-27.1	";580365;6570530;Petterson, Dan (1991). De arkeologiske undersøkelsene i Storgaten 16, Tønsberg 1991. Tønsberg: Riksantikvaren.
254;"Storgaten 16	";"262	";L376;Dyrkingslag;"T-10608A	";"965 ± 65	";"907 – 1222 evt.	";"-26.2	";580360;6570537;Petterson, Dan (1991). De arkeologiske undersøkelsene i Storgaten 16, Tønsberg 1991. Tønsberg: Riksantikvaren.
255;"Storgaten 16	";"263	";K190;Stolpehull;"T-10610A	";"880 ± 60	";"1037 – 1263 evt.	";"-25.6	";580360;6570536;Petterson, Dan (1991). De arkeologiske undersøkelsene i Storgaten 16, Tønsberg 1991. Tønsberg: Riksantikvaren.
256;"Storgaten 16	";"264	";Rute S22;Stolpehull;"T-10612A	";"985 ± 55	";"904 – 1210 evt.	";"-26.7	";580360;6570537;Petterson, Dan (1991). De arkeologiske undersøkelsene i Storgaten 16, Tønsberg 1991. Tønsberg: Riksantikvaren.
257;"Storgaten 16	";"265	";K186, L395;Brannlag;"T-10614A	";"970 ± 55	";"991 – 1211 evt.	";"-26.0	";580391;6570503;Petterson, Dan (1991). De arkeologiske undersøkelsene i Storgaten 16, Tønsberg 1991. Tønsberg: Riksantikvaren.
258;"Storgaten 16	";"266	";L395;Brannlag;"T-10616A	";"1190 ± 55	";"683 – 988 evt.	";"-27.0	";580390;6570502;Petterson, Dan (1991). De arkeologiske undersøkelsene i Storgaten 16, Tønsberg 1991. Tønsberg: Riksantikvaren.
259;"Storgaten 16	";"267	";Rute R22;Stolpehull;"T-10618A	";"1130 ± 50	";"773 – 1018 evt.	";"-26.7	";580358;6570536;Petterson, Dan (1991). De arkeologiske undersøkelsene i Storgaten 16, Tønsberg 1991. Tønsberg: Riksantikvaren.
260;"Storgaten 16	";"268	";Rute S21;Stolpehull;"T-10620A	";"1080 ± 65	";"773 – 1150 evt.	";"-26.9	";580360;6570535;Petterson, Dan (1991). De arkeologiske undersøkelsene i Storgaten 16, Tønsberg 1991. Tønsberg: Riksantikvaren.
71;"Storgaten 16 (18)	";"239 (TZ6446)	";;Ardspor;"T-10973	";"635 ± 75	";"1264 – 1432 evt.	";"-26.1	";580372;6570508;Dahlin, Elin (1987). Innberetning over de arkeologiske undersøkelsene i Storgaten 16–18, Tønsberg, 1971. Tønsberg: Riksantikvaren.
72;"Storgaten 16 (18)	";"243 (TZ6761)	";Prøverute 1;Dyrkingslag;"T-10974	";"705 ± 80	";"1176 – 1411 evt.	";"-26.1	";580371;6570526;Dahlin, Elin (1987). Innberetning over de arkeologiske undersøkelsene i Storgaten 16–18, Tønsberg, 1971. Tønsberg: Riksantikvaren.
73;"Storgaten 16 (18)	";"247 (TZ6886)	";Prøverute 1;Dyrkingslag;"T-10967	";"940 ± 85	";"901 – 1269 evt.	";"-26.1	";580371;6570526;Dahlin, Elin (1987). Innberetning over de arkeologiske undersøkelsene i Storgaten 16–18, Tønsberg, 1971. Tønsberg: Riksantikvaren.
74;"Storgaten 16 (18)	";"253 (TZ7066)	";Prøverute 1;Dyrkingslag;"T-10975	";"975 ± 125	";"774 – 1277 evt.	";"-26.1	";580371;6570526;Dahlin, Elin (1987). Innberetning over de arkeologiske undersøkelsene i Storgaten 16–18, Tønsberg, 1971. Tønsberg: Riksantikvaren.
75;"Storgaten 16 (18)	";"254 (TZ 7067)	";Prøverute 2;Dyrkingslag;"T-10968	";"1175 ± 100	";"658 – 1030 evt.	";"-26.1	";580373;6570524;Dahlin, Elin (1987). Innberetning over de arkeologiske undersøkelsene i Storgaten 16–18, Tønsberg, 1971. Tønsberg: Riksantikvaren.
76;"Storgaten 16 (18)	";"269 (TZ7520)	";Prøverute 2;Dyrkingslag;"T-10971	";"1570 ± 160	";"87 – 775 evt.	";"-26.1	";580373;6570524;Dahlin, Elin (1987). Innberetning over de arkeologiske undersøkelsene i Storgaten 16–18, Tønsberg, 1971. Tønsberg: Riksantikvaren.
77;"Storgaten 16 (18)	";"270 (TZ7521)	";Prøverute 2;Dyrkingslag;"T-10972	";"1115 ± 155	";"649 – 1219 evt.	";"-26.1	";580373;6570524;Dahlin, Elin (1987). Innberetning over de arkeologiske undersøkelsene i Storgaten 16–18, Tønsberg, 1971. Tønsberg: Riksantikvaren.
78;"Storgaten 16 (18)	";"284 (TZ7425)	";Prøverute 3;Dyrkingslag;"T-10970A	";"865 ± 75	";"1033 – 1275 evt.	";"-26.7	";580380;6570517;Dahlin, Elin (1987). Innberetning over de arkeologiske undersøkelsene i Storgaten 16–18, Tønsberg, 1971. Tønsberg: Riksantikvaren.
79;"Storgaten 16 (18)	";"285 (TZ7426)	";Prøverute 3;Dyrkingslag;"T-10969A	";"1200 ± 75	";"674 – 987 evt.	";"-26.8	";580380;6570517;Dahlin, Elin (1987). Innberetning over de arkeologiske undersøkelsene i Storgaten 16–18, Tønsberg, 1971. Tønsberg: Riksantikvaren.
80;"Storgaten 16 (18)	";"TZ2406	";Prøverute 3;Dyrkingslag;"Ua-1752	";"1070 ± 100	";"703 – 1206 evt.	";"	";580380;6570517;Dahlin, Elin (1987). Innberetning over de arkeologiske undersøkelsene i Storgaten 16–18, Tønsberg, 1971. Tønsberg: Riksantikvaren.
296;"Storgaten 18	";"TZ1904	";P260;Sandlag;"T-8032A	";"890 ± 140	";"777 – 1394 evt.	";"-26.0	";580377;6570519;Dahlin, Elin (1987). Innberetning over de arkeologiske undersøkelsene i Storgaten 16–18, Tønsberg, 1971. Tønsberg: Riksantikvaren.
297;"Storgaten 18	";"TZ2479	";K20;Ildsted;"T-8034	";"880 ± 60	";"1037 – 1263 evt.	";"-26.1	";580358;6570528;Dahlin, Elin (1987). Innberetning over de arkeologiske undersøkelsene i Storgaten 16–18, Tønsberg, 1971. Tønsberg: Riksantikvaren.
64;"Storgaten 18/Conradis gate 5/7	";"TZ1172	";Lag 124;Lagavsetning;"T-7727	";"1070 ± 70	";"773 – 1156 evt.	";"-26.1	";580361;6570528;Brendalsmo, Jan (1986). Peterskirken: dens kirkegård og det eldste Tønsberg. Tønsberg: Riksantikvaren.
70;"Storgaten 18/Conradis gate 5/7	";"TZ2291	";Lag 188;Lagavsetning;"T-7730	";"920 ± 80	";"994 – 1265 evt.	";"-21.7	";580354;6570525;Brendalsmo, Jan (1986). Peterskirken: dens kirkegård og det eldste Tønsberg. Tønsberg: Riksantikvaren.
243;"Storgaten 18/Conradis gate 5/7	";"TZ1171	";K20;Brannlag;"T-7727	";"420 ± 60	";"1410 – 1635 evt.	";"-26.1	";580371;6570521;Nordman, Ann-Marie (1989). De arkeologiske undersøkelsene i Storgaten 18 og Conradisgate 5/7, Tønsberg, 1987 og 1988. 1: Tekst. Tønsberg: Riksantikvaren.
244;"Storgaten 18/Conradis gate 5/7	";"TZ1493	";K30;Stolpehull;"T-7728	";"1260 ± 100	";"609 – 991 evt.	";"-26.1	";580361;6570525;Nordman, Ann-Marie (1989). De arkeologiske undersøkelsene i Storgaten 18 og Conradisgate 5/7, Tønsberg, 1987 og 1988. 1: Tekst. Tønsberg: Riksantikvaren.
245;"Storgaten 18/Conradis gate 5/7	";"TZ1627	";K98;Skjold;"T-7962	";"1150 ± 60	";"706 – 1020 evt.	";"-26.1	";580362;6570524;Nordman, Ann-Marie (1989). De arkeologiske undersøkelsene i Storgaten 18 og Conradisgate 5/7, Tønsberg, 1987 og 1988. 1: Tekst. Tønsberg: Riksantikvaren.
246;"Storgaten 18/Conradis gate 5/7	";"TZ1666	";K98;Skinnfell;"T-7963A	";"1240 ± 70	";"656 – 973 evt.	";"-21.8	";580363;6570510;Nordman, Ann-Marie (1989). De arkeologiske undersøkelsene i Storgaten 18 og Conradisgate 5/7, Tønsberg, 1987 og 1988. 1: Tekst. Tønsberg: Riksantikvaren.
247;"Storgaten 18/Conradis gate 5/7	";"TZ2309	";K100;Stolpehull;"T-7731	";"840 ± 60	";"1043 – 1279 evt.	";"-26.1	";580325;6570511;Nordman, Ann-Marie (1989). De arkeologiske undersøkelsene i Storgaten 18 og Conradisgate 5/7, Tønsberg, 1987 og 1988. 1: Tekst. Tønsberg: Riksantikvaren.
65;"Storgaten 23/25	";"TØ888	";K23;Latrinegrop;"T-7732	";"920 ± 80	";"994 – 1265 evt.	";"-19.6	";580343;6570592;Brendalsmo, Jan (1986). Peterskirken: dens kirkegård og det eldste Tønsberg. Tønsberg: Riksantikvaren.
298;"Storgaten 23/25	";"TØ522	";K10;Staurrekke;"T-7733	";"1200 ± 130	";"602 – 1149 evt.	";"-26.1	";580344;6570587;Brendalsmo, Jan (1986). Peterskirken: dens kirkegård og det eldste Tønsberg. Tønsberg: Riksantikvaren.
299;"Storgaten 23/25	";"TØ585	";;Ardspor;"Ua-1753	";"1030 ± 100	";"774 – 1219 evt.	";"	";580341;6570602;Brendalsmo, Jan (1986). Peterskirken: dens kirkegård og det eldste Tønsberg. Tønsberg: Riksantikvaren.
231;"Storgaten 24/26	";"TR2715	";L263;Strandlinje;"T-6096	";"1080 ± 70	";"773 – 1152 evt.	";"-24.8	";580264;6570586;Lind, Jan (1984). Innberetning over de arkeologiske utgravningene i Storgaten 24/26, Tønsberg, 1979. Tønsberg: Riksantikvaren.
232;"Storgaten 24/26	";"TR2720	";L263;Strandlinje;"T-6095	";"880 ± 70	";"1031 – 1269 evt.	";"-26.1	";580266;6570587;Lind, Jan (1984). Innberetning over de arkeologiske utgravningene i Storgaten 24/26, Tønsberg, 1979. Tønsberg: Riksantikvaren.
248;"Storgaten 30	";"1B-3	";Borepunkt 1b;Kulturlag;"TRa-3599	";"1030 ± 35	";"897 – 1151 evt.	";"-27.4	";580224;6570649;"Petersén, Anna (2024). Miljøovervåking - Installasjons- og sluttrapport. Storgata 30-32 «City Shopping/Foyn-kvartalet"", Tønsberg, Vestfold. NIKU Rapport 341. Norsk institutt for kulturminneforskning (NIKU)."
249;"Storgaten 30	";"5-4	";Miljøbrønn 5;Kulturlag;"TRa-3600	";"920 ± 30	";"1035 – 1210 evt.	";"-24.5	";580198;6570626;"Petersén, Anna (2024). Miljøovervåking - Installasjons- og sluttrapport. Storgata 30-32 «City Shopping/Foyn-kvartalet"", Tønsberg, Vestfold. NIKU Rapport 341. Norsk institutt for kulturminneforskning (NIKU)."
250;"Storgaten 30	";"6A-2	";Miljøbrønn 6;Kulturlag;"TRa-3601	";"990 ± 35	";"993 – 1157 evt.	";"-27.4	";580202;6570616;"Petersén, Anna (2024). Miljøovervåking - Installasjons- og sluttrapport. Storgata 30-32 «City Shopping/Foyn-kvartalet"", Tønsberg, Vestfold. NIKU Rapport 341. Norsk institutt for kulturminneforskning (NIKU)."
251;"Storgaten 30	";"7B-2	";Borepunkt 7b;Kulturlag;"TRa-3602	";"1070 ± 30	";"893 – 1026 evt.	";"-27.9	";580219;6570649;"Petersén, Anna (2024). Miljøovervåking - Installasjons- og sluttrapport. Storgata 30-32 «City Shopping/Foyn-kvartalet"", Tønsberg, Vestfold. NIKU Rapport 341. Norsk institutt for kulturminneforskning (NIKU)."
233;"Storgaten 33/Tjømegaten 1	";"TY2589	";L7;Ardspor;"T-8036A	";"1430 ± 100	";"415 – 823 evt.	";"-23.7	";580280;6570647;Nordman, Ann-Marie, Claes Pettersson og Gro A. Tjeldvoll (1986).  Innberetning over de arkeologiske utgravingene I Storgaten 33, Tjømegaten 1, Tønsberg, 1986. Tønsberg: Riksantikvaren.
234;"Storgaten 33/Tjømegaten 1	";"TY4018	";K39/46;Flettverksrenne;"T-7477	";"650 ± 80	";"1229 – 1427 evt.	";"	";580291;6570659;Nordman, Ann-Marie, Claes Pettersson og Gro A. Tjeldvoll (1986).  Innberetning over de arkeologiske utgravingene I Storgaten 33, Tjømegaten 1, Tønsberg, 1986. Tønsberg: Riksantikvaren.
235;"Storgaten 33/Tjømegaten 1	";"TY4393	";L352;Dyrkingslag;"T-8037A	";"1110 ± 70	";"705 – 1119 evt.	";"-27.3	";580301;6570671;Nordman, Ann-Marie, Claes Pettersson og Gro A. Tjeldvoll (1986).  Innberetning over de arkeologiske utgravingene I Storgaten 33, Tjømegaten 1, Tønsberg, 1986. Tønsberg: Riksantikvaren.
236;"Storgaten 33/Tjømegaten 1	";"TY4394	";L352;Dyrkingslag;"T-8038A	";"1410 ± 80	";"435 – 775 evt.	";"-22.0	";580301;6570671;Nordman, Ann-Marie, Claes Pettersson og Gro A. Tjeldvoll (1986).  Innberetning over de arkeologiske utgravingene I Storgaten 33, Tjømegaten 1, Tønsberg, 1986. Tønsberg: Riksantikvaren.
237;"Storgaten 33/Tjømegaten 1	";"TY4396	";K68;Kokegrop;"T-7478	";"1210 ± 70	";"670 – 977 evt.	";"	";580289;6570658;Nordman, Ann-Marie, Claes Pettersson og Gro A. Tjeldvoll (1986).  Innberetning over de arkeologiske utgravingene I Storgaten 33, Tjømegaten 1, Tønsberg, 1986. Tønsberg: Riksantikvaren.
238;"Storgaten 33/Tjømegaten 1	";"TY4397	";K206;Grøft;"T-7476	";"800 ± 70	";"1044 – 1380 evt.	";"	";580305;6570666;Nordman, Ann-Marie, Claes Pettersson og Gro A. Tjeldvoll (1986).  Innberetning over de arkeologiske utgravingene I Storgaten 33, Tjømegaten 1, Tønsberg, 1986. Tønsberg: Riksantikvaren.
239;"Storgaten 33/Tjømegaten 1	";"TY4398	";;Trebrolegging;"T-7475	";"820 ± 60	";"1045 – 1289 evt.	";"	";580303;6570673;Nordman, Ann-Marie, Claes Pettersson og Gro A. Tjeldvoll (1986).  Innberetning over de arkeologiske utgravingene I Storgaten 33, Tjømegaten 1, Tønsberg, 1986. Tønsberg: Riksantikvaren.
240;"Storgaten 33/Tjømegaten 1	";"TY4399	";K147;Brønn;"T-7474	";"720 ± 40	";"1225 – 1387 evt.	";"	";580295;6570663;Nordman, Ann-Marie, Claes Pettersson og Gro A. Tjeldvoll (1986).  Innberetning over de arkeologiske utgravingene I Storgaten 33, Tjømegaten 1, Tønsberg, 1986. Tønsberg: Riksantikvaren.
241;"Storgaten 33/Tjømegaten 1	";"TY4400	";K147;Brønn;"T-7473	";"800 ± 70	";"1044 – 1380 evt.	";"-26.1	";580295;6570664;Nordman, Ann-Marie, Claes Pettersson og Gro A. Tjeldvoll (1986).  Innberetning over de arkeologiske utgravingene I Storgaten 33, Tjømegaten 1, Tønsberg, 1986. Tønsberg: Riksantikvaren.
242;"Storgaten 33/Tjømegaten 1	";"TZ4395	";L352;Ardspor;"T-8039A	";"1290 ± 80	";"604 – 949 evt.	";"-23.0	";580303;6570670;Nordman, Ann-Marie, Claes Pettersson og Gro A. Tjeldvoll (1986).  Innberetning over de arkeologiske utgravingene I Storgaten 33, Tjømegaten 1, Tønsberg, 1986. Tønsberg: Riksantikvaren.
83;"Storgaten 47	";"Tønsberg-71, nr. 1	";;Trebrolegging;"T-1089	";"1090 ± 90	";"704 – 1159 evt.	";"	";580147;6570831;Eriksson, Jan Erik (1990). «Early medieval Tønsberg — dating problems and the results». I: Norwegian Archaeological Review 23.1-2.
84;"Storgaten 47	";"Tønsberg-71, nr. 2	";K151;Stolpe;"T-1090	";"1070 ± 100	";"703 – 1206 evt.	";"	";580139;6570810;Eriksson, Jan Erik (1990). «Early medieval Tønsberg — dating problems and the results». I: Norwegian Archaeological Review 23.1-2.
99;"Storgaten 48	";"FTMC-RE50-1	";L2;Kulturlag;"FTMC-RE50-1	";"948 ± 28	";"1030 – 1161 evt.	";"	";580091;6570775;Forenklet rapport: Hotell Klubben
109;"Storgaten 51	";"P1	";SL1049;Brannlag;"Beta-367441	";"890 ± 30	";"1045 – 1223 evt.	";"	";580063;6570801;Halvorsen, Sunniva Wilberg (2013). Storgaten 51, Tønsberg. Arkeologisk forundersøkelse i forbindelse med regulering av eiendommen. NIKU Oppdragsrapport 149/2013. Norsk institutt for kulturminneforskning (NIKU).
110;"Storgaten 51	";"P2	";K50;Dyrkingslag;"Beta-367442	";"1650 ± 30	";"262 – 537 evt.	";"-24.6	";;;Halvorsen, Sunniva Wilberg (2013). Storgaten 51, Tønsberg. Arkeologisk forundersøkelse i forbindelse med regulering av eiendommen. NIKU Oppdragsrapport 149/2013. Norsk institutt for kulturminneforskning (NIKU).
111;"Storgaten 51	";"P4	";K49;Ildsted;"Beta-367443	";"800 ± 30	";"1180 – 1279 evt.	";"-28.4	";;;Halvorsen, Sunniva Wilberg (2013). Storgaten 51, Tønsberg. Arkeologisk forundersøkelse i forbindelse med regulering av eiendommen. NIKU Oppdragsrapport 149/2013. Norsk institutt for kulturminneforskning (NIKU).
112;"Storgaten 51	";"P5	";K70;Kullag;"Beta-367444	";"960 ± 30	";"1025 – 1160 evt.	";"-24.2	";;;Halvorsen, Sunniva Wilberg (2013). Storgaten 51, Tønsberg. Arkeologisk forundersøkelse i forbindelse med regulering av eiendommen. NIKU Oppdragsrapport 149/2013. Norsk institutt for kulturminneforskning (NIKU).
162;"Storgaten 51	";"PK1050	";ST51VA;Dyrkingslag;"Beta-438166	";"900 ± 30	";"1042 – 1219 evt.	";"-24.2	";;;Haugesten, Lars og Hanne Ekstrøm Jordahl (2016). Storgaten 51, Tønsberg. NIKU Oppdragsrapport 88/2016. Norsk institutt for kulturminneforskning (NIKU).
163;"Storgaten 51	";"PA1095	";K57;;"Beta-438159	";"820 ± 30	";"1175 – 1273 evt.	";"-23.8	";580079;6570815;Haugesten, Lars og Hanne Ekstrøm Jordahl (2016). Storgaten 51, Tønsberg. NIKU Oppdragsrapport 88/2016. Norsk institutt for kulturminneforskning (NIKU).
164;"Storgaten 51	";"PA1562	";SL1070;;"Beta-438160	";"1270 ± 30	";"664 – 827 evt.	";"-26.2	";580080;6570817;Haugesten, Lars og Hanne Ekstrøm Jordahl (2016). Storgaten 51, Tønsberg. NIKU Oppdragsrapport 88/2016. Norsk institutt for kulturminneforskning (NIKU).
165;"Storgaten 51	";"PK1955	";SL1935;Kokegrop;"Beta-438161	";"1500 ± 30	";"484 – 644 evt.	";"-24.4	";580080;6570816;Haugesten, Lars og Hanne Ekstrøm Jordahl (2016). Storgaten 51, Tønsberg. NIKU Oppdragsrapport 88/2016. Norsk institutt for kulturminneforskning (NIKU).
227;"Storgaten 51	";"PK600	";ST424;Planke;"Beta-438165	";"860 ± 30	";"1052 – 1263 evt.	";"-24.5	";580093;6570806;Haugesten, Lars og Hanne Ekstrøm Jordahl (2016). Storgaten 51, Tønsberg. NIKU Oppdragsrapport 88/2016. Norsk institutt for kulturminneforskning (NIKU).
228;"Storgaten 51	";"PV1067	";ST1050;Gate;"Beta-438163	";"870 ± 30	";"1047 – 1261 evt.	";"-25.0	";580100;6570797;Haugesten, Lars og Hanne Ekstrøm Jordahl (2016). Storgaten 51, Tønsberg. NIKU Oppdragsrapport 88/2016. Norsk institutt for kulturminneforskning (NIKU).
229;"Storgaten 51	";"PV1104	";ST744;Gate;"Beta-438162	";"760 ± 30	";"1222 – 1285 evt.	";"-26.0	";580104;6570795;Haugesten, Lars og Hanne Ekstrøm Jordahl (2016). Storgaten 51, Tønsberg. NIKU Oppdragsrapport 88/2016. Norsk institutt for kulturminneforskning (NIKU).
230;"Storgaten 51	";"PV957	";ST938;Planke;"Beta-438164	";"930 ± 30	";"1032 – 1203 evt.	";"-23.8	";580095;6570801;Haugesten, Lars og Hanne Ekstrøm Jordahl (2016). Storgaten 51, Tønsberg. NIKU Oppdragsrapport 88/2016. Norsk institutt for kulturminneforskning (NIKU).
89;"Tollbodgaten 9-11/Øvre Langgate 65	";"TW2655	";K223;Kokegrop;"T-6916A	";"1610 ± 170	";"29 – 773 evt.	";"-27.7	";580195;6570860;Flodin, Lena og Christian Runeby (1986). Innberetning over de arkeologiske utgravningene i Tollbodgaten 9-11, Øvre Langgate 65, Tonsberg, 1983.Tønsberg: Riksantikvaren.
90;"Tollbodgaten 9-11/Øvre Langgate 65	";"TW2660	";K224;Ildsted;"T-6921A	";"720 ± 90	";"1054 – 1418 evt.	";"-27.7	";580207;6570835;Flodin, Lena og Christian Runeby (1986). Innberetning over de arkeologiske utgravningene i Tollbodgaten 9-11, Øvre Langgate 65, Tonsberg, 1983.Tønsberg: Riksantikvaren.
91;"Tollbodgaten 9-11/Øvre Langgate 65	";"TW3097	";K113;Grav;"T-6580	";"720 ± 90	";"1054 – 1418 evt.	";"-19.8	";580208;6570834;Flodin, Lena og Christian Runeby (1986). Innberetning over de arkeologiske utgravningene i Tollbodgaten 9-11, Øvre Langgate 65, Tonsberg, 1983.Tønsberg: Riksantikvaren.
92;"Tollbodgaten 9-11/Øvre Langgate 65	";"TW3127	";K109;Grav;"T-6180	";"820 ± 50	";"1050 – 1284 evt.	";"-17.0	";580210;6570836;Flodin, Lena og Christian Runeby (1986). Innberetning over de arkeologiske utgravningene i Tollbodgaten 9-11, Øvre Langgate 65, Tonsberg, 1983.Tønsberg: Riksantikvaren.
93;"Tollbodgaten 9-11/Øvre Langgate 65	";"TW3259	";K279;Grav;"T-6922	";"840 ± 50	";"1050 – 1284 evt.	";"-18.7	";580205;6570835;Flodin, Lena og Christian Runeby (1986). Innberetning over de arkeologiske utgravningene i Tollbodgaten 9-11, Øvre Langgate 65, Tonsberg, 1983.Tønsberg: Riksantikvaren.
94;"Tollbodgaten 9-11/Øvre Langgate 65	";"TW2656	";K392;Veggrenne;"T-6917A	";"1180 ± 70	";"678 – 994 evt.	";"-29.1	";580193;6570856;Flodin, Lena og Christian Runeby (1986). Innberetning over de arkeologiske utgravningene i Tollbodgaten 9-11, Øvre Langgate 65, Tonsberg, 1983.Tønsberg: Riksantikvaren.
95;"Tollbodgaten 9-11/Øvre Langgate 65	";"TW2657	";K398;Veggrenne;"T-6918A	";"1130 ± 30	";"774 – 994 evt.	";"-29.4	";580185;6570852;Flodin, Lena og Christian Runeby (1986). Innberetning over de arkeologiske utgravningene i Tollbodgaten 9-11, Øvre Langgate 65, Tonsberg, 1983.Tønsberg: Riksantikvaren.
96;"Tollbodgaten 9-11/Øvre Langgate 65	";"TW2658	";K394;Kokegrop;"T-6919	";"740 ± 60	";"1175 – 1393 evt.	";"-27.4	";580186;6570851;Flodin, Lena og Christian Runeby (1986). Innberetning over de arkeologiske utgravningene i Tollbodgaten 9-11, Øvre Langgate 65, Tonsberg, 1983.Tønsberg: Riksantikvaren.
97;"Tollbodgaten 9-11/Øvre Langgate 65	";"TW2659	";K391;Ardspor;"T-6920A	";"1220 ± 90	";"660 – 991 evt.	";"-29.1	";580201;6570833;Flodin, Lena og Christian Runeby (1986). Innberetning over de arkeologiske utgravningene i Tollbodgaten 9-11, Øvre Langgate 65, Tonsberg, 1983.Tønsberg: Riksantikvaren.
98;"Tollbodgaten 9-11/Øvre Langgate 65	";"TW3259	";K385;Grav;"T-6923	";"850 ± 130	";"897 – 1395 evt.	";"-18.1	";580200;6570834;Flodin, Lena og Christian Runeby (1986). Innberetning over de arkeologiske utgravningene i Tollbodgaten 9-11, Øvre Langgate 65, Tonsberg, 1983.Tønsberg: Riksantikvaren.
194;"Torvet 1	";"4584	";ST4574;Planke;"UBA-39387	";"546 ± 20	";"1326 – 1426 evt.	";"	";580289;6570701;Haugesten, Lars (2021). Torvet 1, Tønsberg. Arkeologisk undersøkelse i forbindelse med ulovlig graving for refundamentering, Tonsberg. NIKU 76/2018. Norsk institutt for kulturminneforskning (NIKU).
195;"Torvet 1	";"4641	";ST4632;Trerenne;"UBA-39388	";"251 ± 27	";"1523 – 1800 evt.	";"	";580287;6570699;Haugesten, Lars (2021). Torvet 1, Tønsberg. Arkeologisk undersøkelse i forbindelse med ulovlig graving for refundamentering, Tonsberg. NIKU 76/2018. Norsk institutt for kulturminneforskning (NIKU).
196;"Torvet 1	";"4642	";ST4638;Grein;"UBA-39389	";"178 ± 22	";"1660 – 1950 evt.	";"	";580287;6570699;Haugesten, Lars (2021). Torvet 1, Tønsberg. Arkeologisk undersøkelse i forbindelse med ulovlig graving for refundamentering, Tonsberg. NIKU 76/2018. Norsk institutt for kulturminneforskning (NIKU).
197;"Torvet 1	";"4643	";ST4632;Trerenne;"UBA-39390	";"0 ± 0	";"1896 – 1904 evt.	";"	";580287;6570699;Haugesten, Lars (2021). Torvet 1, Tønsberg. Arkeologisk undersøkelse i forbindelse med ulovlig graving for refundamentering, Tonsberg. NIKU 76/2018. Norsk institutt for kulturminneforskning (NIKU).
198;"Torvet 1	";"4655	";ST4645;Stubbe;"UBA-39391	";"198 ± 35	";"1643 – 1950 evt.	";"	";580289;6570702;Haugesten, Lars (2021). Torvet 1, Tønsberg. Arkeologisk undersøkelse i forbindelse med ulovlig graving for refundamentering, Tonsberg. NIKU 76/2018. Norsk institutt for kulturminneforskning (NIKU).
199;"Torvet 1	";"4674	";ST4673;Grav, kistelokk;"UBA-39392	";"251 ± 27	";"1523 – 1800 evt.	";"	";580278;6570691;Haugesten, Lars (2021). Torvet 1, Tønsberg. Arkeologisk undersøkelse i forbindelse med ulovlig graving for refundamentering, Tonsberg. NIKU 76/2018. Norsk institutt for kulturminneforskning (NIKU).
200;"Torvet 1	";"4689	";ST4681;Grav, kistebunn;"UBA-39393	";"372 ± 28	";"1451 – 1633 evt.	";"	";580279;6570691;Haugesten, Lars (2021). Torvet 1, Tønsberg. Arkeologisk undersøkelse i forbindelse med ulovlig graving for refundamentering, Tonsberg. NIKU 76/2018. Norsk institutt for kulturminneforskning (NIKU).
81;"Øvre Langgate 29	";"C14-081182:1	";;Ardspor;"T-5216A	";"1220 ± 140	";"572 – 1151 evt.	";"-27.4	";580422;6570594;Eriksson, Jan Erik (1990). De arkeologiske undersøkelsene i Storgaten 47, Tønsberg 1971.Tønsberg: Riksantikvaren.
82;"Øvre Langgate 29	";"C14-081182:2	";;Veggrenne;"T-5217A	";"1040 ± 140	";"684 – 1260 evt.	";"-28.0	";580426;6570597;Eriksson, Jan Erik (1990). De arkeologiske undersøkelsene i Storgaten 47, Tønsberg 1971.Tønsberg: Riksantikvaren.
66;"Øvre Langgate 57/59	";"TV1654	";K143;Stolpehull;"T-4894A	";"980 ± 130	";"774 – 1276 evt.	";"-24.6	";580310;6570739;Brendalsmo, Jan (1986). Peterskirken: dens kirkegård og det eldste Tønsberg. Tønsberg: Riksantikvaren.
67;"Øvre Langgate 57/59	";"TV3390	";K141;Ardspor;"T-4886A	";"920 ± 90	";"907 – 1277 evt.	";"-27.0	";580299;6570756;Brendalsmo, Jan (1986). Peterskirken: dens kirkegård og det eldste Tønsberg. Tønsberg: Riksantikvaren.
68;"Øvre Langgate 57/59	";"TV3392	";K126;Veggrenne;"T-4885A	";"1010 ± 90	";"775 – 1222 evt.	";"-27.7	";580298;6570756;Brendalsmo, Jan (1986). Peterskirken: dens kirkegård og det eldste Tønsberg. Tønsberg: Riksantikvaren.
69;"Øvre Langgate 57/59	";"TV3539	";K127;Stolpehull;"T-4887	";"710 ± 60	";"1220 – 1397 evt.	";"-26.5	";580298;6570756;Brendalsmo, Jan (1986). Peterskirken: dens kirkegård og det eldste Tønsberg. Tønsberg: Riksantikvaren.
85;"Øvre Langgate 57/59	";"TV1649	";L61;Kokegrop;"T-4888	";"2640 ± 60	";"930 – 563 fvt.	";"-26.1	";580298;6570753;Flodin, Lena, Peter Germer og Jan Lindh (1983). Rapport over de arkeologiske utgravningene i Dure Langgate 57/59, Tønsberg, 1982. Tønsberg: Riksantikvaren.
86;"Øvre Langgate 57/59	";"TV1651	";K124;Ardspor;"T-4890A	";"980 ± 80	";"892 – 1223 evt.	";"-26.6	";580295;6570756;Flodin, Lena, Peter Germer og Jan Lindh (1983). Rapport over de arkeologiske utgravningene i Dure Langgate 57/59, Tønsberg, 1982. Tønsberg: Riksantikvaren.
87;"Øvre Langgate 57/59	";"TV1655	";K143;Stolpehull;"T-4893A	";"880 ± 130	";"890 – 1389 evt.	";"-26.7	";580295;6570756;Flodin, Lena, Peter Germer og Jan Lindh (1983). Rapport over de arkeologiske utgravningene i Dure Langgate 57/59, Tønsberg, 1982. Tønsberg: Riksantikvaren.
88;"Øvre Langgate 57/59	";"TV3570	";K142;Veggrenne;"T-4889A	";"1010 ± 100	";"774 – 1228 evt.	";"-27.7	";580299;6570755;Flodin, Lena, Peter Germer og Jan Lindh (1983). Rapport over de arkeologiske utgravningene i Dure Langgate 57/59, Tønsberg, 1982. Tønsberg: Riksantikvaren.
45;"Øvre Langgate 65/67	";"TX2123	";K9;Stolpe;"T-6937	";"910 ± 50	";"1027 – 1224 evt.	";"-26.1	";580191;6570819;Blohmé, Mats og Christian Runeby (1986). Innberetning over de arkeologiske undersøkelsene i Øvre Langgate 65-67, Tønsberg, 1985. Tønsberg: Riksantikvaren.
46;"Øvre Langgate 65/67	";"TX2126	";K11;Stolpe;"T-6938	";"1050 ± 70	";"775 – 1161 evt.	";"	";580195;6570818;Blohmé, Mats og Christian Runeby (1986). Innberetning over de arkeologiske undersøkelsene i Øvre Langgate 65-67, Tønsberg, 1985. Tønsberg: Riksantikvaren.
47;"Øvre Langgate 65/67	";"TX2127	";K11;Stolpe;"T-6939	";"1050 ± 70	";"775 – 1161 evt.	";"	";580197;6570816;Blohmé, Mats og Christian Runeby (1986). Innberetning over de arkeologiske undersøkelsene i Øvre Langgate 65-67, Tønsberg, 1985. Tønsberg: Riksantikvaren.
48;"Øvre Langgate 65/67	";"TX2129	";K17;Gjerde;"T-6940	";"930 ± 80	";"989 – 1269 evt.	";"	";580195;6570864;Blohmé, Mats og Christian Runeby (1986). Innberetning over de arkeologiske undersøkelsene i Øvre Langgate 65-67, Tønsberg, 1985. Tønsberg: Riksantikvaren.
49;"Øvre Langgate 65/67	";"TX2137	";K54;Grav;"T-6942	";"800 ± 80	";"1038 – 1383 evt.	";"	";580187;6570817;Blohmé, Mats og Christian Runeby (1986). Innberetning over de arkeologiske undersøkelsene i Øvre Langgate 65-67, Tønsberg, 1985. Tønsberg: Riksantikvaren.
50;"Øvre Langgate 65/67	";"TX2152	";K215;Ardspor;"Ua-1750	";"1690 ± 100	";"130 – 577 evt.	";"	";580195;6570863;Blohmé, Mats og Christian Runeby (1986). Innberetning over de arkeologiske undersøkelsene i Øvre Langgate 65-67, Tønsberg, 1985. Tønsberg: Riksantikvaren.
51;"Øvre Langgate 65/67	";"TX2156	";K95;Grav;"T-6943	";"850 ± 80	";"1031 – 1282 evt.	";"	";580185;6570819;Blohmé, Mats og Christian Runeby (1986). Innberetning over de arkeologiske undersøkelsene i Øvre Langgate 65-67, Tønsberg, 1985. Tønsberg: Riksantikvaren.
52;"Øvre Langgate 65/67	";"TX2160	";K102;Grav;"T-6944	";"980 ± 80	";"892 – 1223 evt.	";"	";580198;6570811;Blohmé, Mats og Christian Runeby (1986). Innberetning over de arkeologiske undersøkelsene i Øvre Langgate 65-67, Tønsberg, 1985. Tønsberg: Riksantikvaren.
53;"Øvre Langgate 65/67	";"TX2164	";K102;Grav;"T-6945	";"870 ± 80	";"1027 – 1277 evt.	";"	";580198;6570811;Blohmé, Mats og Christian Runeby (1986). Innberetning over de arkeologiske undersøkelsene i Øvre Langgate 65-67, Tønsberg, 1985. Tønsberg: Riksantikvaren.
54;"Øvre Langgate 65/67	";"TX2244	";K2;Flettverksrenne;"T-6941	";"910 ± 80	";"995 – 1268 evt.	";"-26.1	";580191;6570855;Blohmé, Mats og Christian Runeby (1986). Innberetning over de arkeologiske undersøkelsene i Øvre Langgate 65-67, Tønsberg, 1985. Tønsberg: Riksantikvaren.
55;"Øvre Langgate 65/67	";"TX2339	";K222;Ardspor;"Ua-1751	";"1400 ± 100	";"429 – 875 evt.	";"	";580192;6570860;Blohmé, Mats og Christian Runeby (1986). Innberetning over de arkeologiske undersøkelsene i Øvre Langgate 65-67, Tønsberg, 1985. Tønsberg: Riksantikvaren.
136;"Øvre Langgate 69	";"P20308	";SL20294;Kullag;"UBA-44450	";"815 ± 26	";"1179 – 1273 evt.	";"	";580181;6570817;Halvorsen, Sunniva Wilberg (2021). Mikaelskirken, Tønsberg. Arkeologisk undersøkelse i forbindelse med restaureringsarbeider. NIKU Oppdragsrapport 135/2017. Norsk institutt for kulturminneforskning (NIKU).
137;"Øvre Langgate 69	";"PK20289	";SL20271;;"UBA-44449	";"821 ± 17	";"1182 – 1269 evt.	";"	";580174;6570820;Halvorsen, Sunniva Wilberg (2021). Mikaelskirken, Tønsberg. Arkeologisk undersøkelse i forbindelse med restaureringsarbeider. NIKU Oppdragsrapport 135/2017. Norsk institutt for kulturminneforskning (NIKU).